,Country,Date,Reference,cohort size RR1 driver,cohort size RR2 driver,RR1 driver,RR1 driver_Ac,RR2 driver,RR2 driver_Ac,cohort size RR1 pax,cohort size  RR2 pax,RR1 pax,RR1 pax_Ac,RR2 pax,RR2 pax_Ac
0, TOTAL,Apr/2015,same_month,2185.0,1082877.0,1062.0,1062.0,1070601.0,1070601.0,5137.0,642973.0,2663.0,2663.0,1457919.0,1457919.0
1, TOTAL,Apr/2015,1_month,2185.0,1082877.0,423.0,1198.0,397079.0,1467680.0,5137.0,642973.0,1287.0,3082.0,488881.0,1946800.0
2, TOTAL,Apr/2015,2_month,2185.0,1082877.0,325.0,1258.0,310820.0,1778500.0,5137.0,642973.0,846.0,3210.0,321247.0,2268047.0
3, TOTAL,Apr/2015,3_month,2185.0,1082877.0,180.0,1280.0,172267.0,1950767.0,5137.0,642973.0,472.0,3272.0,144562.0,2412609.0
4, TOTAL,Apr/2015,4_month,2185.0,1082877.0,288.0,1316.0,426736.0,2377503.0,5137.0,642973.0,776.0,3346.0,293740.0,2706349.0
5, TOTAL,Apr/2015,5_month,2185.0,1082877.0,247.0,1336.0,352709.0,2730212.0,5137.0,642973.0,735.0,3394.0,328529.0,3034878.0
6, TOTAL,Apr/2015,6_month,2185.0,1082877.0,242.0,1350.0,341580.0,3071792.0,5137.0,642973.0,867.0,3459.0,373175.0,3408053.0
7, TOTAL,Apr/2015,7_to_12_month,2185.0,1082877.0,268.0,1367.0,417031.0,3488823.0,5137.0,642973.0,880.0,3508.0,460090.0,3868143.0
8, TOTAL,May/2015,same_month,1956.0,813711.0,534.0,534.0,433042.0,433042.0,4380.0,548984.0,2596.0,2596.0,950230.0,950230.0
9, TOTAL,May/2015,1_month,1956.0,813711.0,267.0,644.0,326747.0,759789.0,4380.0,548984.0,688.0,2815.0,351981.0,1302211.0
10, TOTAL,May/2015,2_month,1956.0,813711.0,177.0,692.0,262776.0,1022565.0,4380.0,548984.0,389.0,2887.0,338575.0,1640786.0
11, TOTAL,May/2015,3_month,1956.0,813711.0,208.0,724.0,317274.0,1339839.0,4380.0,548984.0,480.0,2960.0,267087.0,1907873.0
12, TOTAL,May/2015,4_month,1956.0,813711.0,192.0,746.0,256898.0,1596737.0,4380.0,548984.0,488.0,3020.0,230235.0,2138108.0
13, TOTAL,May/2015,5_month,1956.0,813711.0,174.0,757.0,265106.0,1861843.0,4380.0,548984.0,502.0,3078.0,226352.0,2364460.0
14, TOTAL,May/2015,6_month,1956.0,813711.0,129.0,764.0,191671.0,2053514.0,4380.0,548984.0,404.0,3105.0,198497.0,2562957.0
15, TOTAL,May/2015,7_to_12_month,1956.0,813711.0,103.0,770.0,118334.0,2171848.0,4380.0,548984.0,256.0,3121.0,114753.0,2677710.0
16, TOTAL,Jun/2015,same_month,2335.0,1332976.0,509.0,509.0,560111.0,560111.0,5306.0,798176.0,3629.0,3629.0,1423495.0,1423495.0
17, TOTAL,Jun/2015,1_month,2335.0,1332976.0,240.0,624.0,445258.0,1005369.0,5306.0,798176.0,553.0,3797.0,313196.0,1736691.0
18, TOTAL,Jun/2015,2_month,2335.0,1332976.0,225.0,671.0,343036.0,1348405.0,5306.0,798176.0,512.0,3905.0,251956.0,1988647.0
19, TOTAL,Jun/2015,3_month,2335.0,1332976.0,220.0,713.0,262729.0,1611134.0,5306.0,798176.0,463.0,3973.0,241163.0,2229810.0
20, TOTAL,Jun/2015,4_month,2335.0,1332976.0,205.0,741.0,302656.0,1913790.0,5306.0,798176.0,440.0,4020.0,324037.0,2553847.0
21, TOTAL,Jun/2015,5_month,2335.0,1332976.0,164.0,754.0,208455.0,2122245.0,5306.0,798176.0,359.0,4048.0,232656.0,2786503.0
22, TOTAL,Jun/2015,6_month,2335.0,1332976.0,148.0,772.0,185854.0,2308099.0,5306.0,798176.0,276.0,4069.0,156056.0,2942559.0
23, TOTAL,Jun/2015,7_to_12_month,2335.0,1332976.0,0.0,0.0,0.0,0.0,5306.0,798176.0,0.0,0.0,0.0,0.0
24, TOTAL,Jul/2015,same_month,2794.0,1158775.0,372.0,372.0,479087.0,479087.0,6211.0,789553.0,4350.0,4350.0,1263772.0,1263772.0
25, TOTAL,Jul/2015,1_month,2794.0,1158775.0,290.0,535.0,331321.0,810408.0,6211.0,789553.0,770.0,4623.0,362269.0,1626041.0
26, TOTAL,Jul/2015,2_month,2794.0,1158775.0,216.0,587.0,371948.0,1182356.0,6211.0,789553.0,502.0,4710.0,243838.0,1869879.0
27, TOTAL,Jul/2015,3_month,2794.0,1158775.0,181.0,635.0,262525.0,1444881.0,6211.0,789553.0,493.0,4780.0,268395.0,2138274.0
28, TOTAL,Jul/2015,4_month,2794.0,1158775.0,149.0,655.0,222965.0,1667846.0,6211.0,789553.0,404.0,4838.0,203890.0,2342164.0
29, TOTAL,Jul/2015,5_month,2794.0,1158775.0,124.0,676.0,144896.0,1812742.0,6211.0,789553.0,301.0,4870.0,161618.0,2503782.0
30, TOTAL,Jul/2015,6_month,2794.0,1158775.0,0.0,0.0,0.0,0.0,6211.0,789553.0,0.0,0.0,0.0,0.0
31, TOTAL,Jul/2015,7_to_12_month,2794.0,1158775.0,0.0,0.0,0.0,0.0,6211.0,789553.0,0.0,0.0,0.0,0.0
32, TOTAL,Aug/2015,same_month,3190.0,1274984.0,758.0,758.0,985917.0,985917.0,7557.0,897296.0,4414.0,4414.0,1576199.0,1576199.0
33, TOTAL,Aug/2015,1_month,3190.0,1274984.0,655.0,1030.0,635487.0,1621404.0,7557.0,897296.0,1613.0,4887.0,736593.0,2312792.0
34, TOTAL,Aug/2015,2_month,3190.0,1274984.0,507.0,1112.0,529805.0,2151209.0,7557.0,897296.0,1336.0,5074.0,568924.0,2881716.0
35, TOTAL,Aug/2015,3_month,3190.0,1274984.0,408.0,1138.0,437020.0,2588229.0,7557.0,897296.0,1111.0,5167.0,471462.0,3353178.0
36, TOTAL,Aug/2015,4_month,3190.0,1274984.0,270.0,1163.0,231385.0,2819614.0,7557.0,897296.0,598.0,5214.0,232201.0,3585379.0
37, TOTAL,Aug/2015,5_month,3190.0,1274984.0,0.0,0.0,0.0,0.0,7557.0,897296.0,0.0,0.0,0.0,0.0
38, TOTAL,Aug/2015,6_month,3190.0,1274984.0,0.0,0.0,0.0,0.0,7557.0,897296.0,0.0,0.0,0.0,0.0
39, TOTAL,Aug/2015,7_to_12_month,3190.0,1274984.0,0.0,0.0,0.0,0.0,7557.0,897296.0,0.0,0.0,0.0,0.0
40, TOTAL,Sep/2015,same_month,3744.0,1329824.0,815.0,815.0,910255.0,910255.0,8042.0,967599.0,5293.0,5293.0,1666471.0,1666471.0
41, TOTAL,Sep/2015,1_month,3744.0,1329824.0,673.0,1118.0,817444.0,1727699.0,8042.0,967599.0,1477.0,5760.0,792381.0,2458852.0
42, TOTAL,Sep/2015,2_month,3744.0,1329824.0,488.0,1177.0,641070.0,2368769.0,8042.0,967599.0,1068.0,5900.0,653039.0,3111891.0
43, TOTAL,Sep/2015,3_month,3744.0,1329824.0,342.0,1225.0,311863.0,2680632.0,8042.0,967599.0,636.0,5958.0,350182.0,3462073.0
44, TOTAL,Sep/2015,4_month,3744.0,1329824.0,0.0,0.0,0.0,0.0,8042.0,967599.0,0.0,0.0,0.0,0.0
45, TOTAL,Sep/2015,5_month,3744.0,1329824.0,0.0,0.0,0.0,0.0,8042.0,967599.0,0.0,0.0,0.0,0.0
46, TOTAL,Sep/2015,6_month,3744.0,1329824.0,0.0,0.0,0.0,0.0,8042.0,967599.0,0.0,0.0,0.0,0.0
47, TOTAL,Sep/2015,7_to_12_month,3744.0,1329824.0,0.0,0.0,0.0,0.0,8042.0,967599.0,0.0,0.0,0.0,0.0
48, TOTAL,Oct/2015,same_month,4480.0,1834195.0,861.0,861.0,910599.0,910599.0,10727.0,1293895.0,7149.0,7149.0,2029397.0,2029397.0
49, TOTAL,Oct/2015,1_month,4480.0,1834195.0,677.0,1170.0,769600.0,1680199.0,10727.0,1293895.0,1626.0,7622.0,877786.0,2907183.0
50, TOTAL,Oct/2015,2_month,4480.0,1834195.0,438.0,1275.0,485478.0,2165677.0,10727.0,1293895.0,913.0,7767.0,490040.0,3397223.0
51, TOTAL,Oct/2015,3_month,4480.0,1834195.0,0.0,0.0,0.0,0.0,10727.0,1293895.0,0.0,0.0,0.0,0.0
52, TOTAL,Oct/2015,4_month,4480.0,1834195.0,0.0,0.0,0.0,0.0,10727.0,1293895.0,0.0,0.0,0.0,0.0
53, TOTAL,Oct/2015,5_month,4480.0,1834195.0,0.0,0.0,0.0,0.0,10727.0,1293895.0,0.0,0.0,0.0,0.0
54, TOTAL,Oct/2015,6_month,4480.0,1834195.0,0.0,0.0,0.0,0.0,10727.0,1293895.0,0.0,0.0,0.0,0.0
55, TOTAL,Oct/2015,7_to_12_month,4480.0,1834195.0,0.0,0.0,0.0,0.0,10727.0,1293895.0,0.0,0.0,0.0,0.0
56, TOTAL,Nov/2015,same_month,3630.0,1130455.0,1010.0,1010.0,718787.0,718787.0,8368.0,1033377.0,4893.0,4893.0,1262094.0,1262094.0
57, TOTAL,Nov/2015,1_month,3630.0,1130455.0,567.0,1259.0,634538.0,1353325.0,8368.0,1033377.0,1137.0,5217.0,526059.0,1788153.0
58, TOTAL,Nov/2015,2_month,3630.0,1130455.0,0.0,0.0,0.0,0.0,8368.0,1033377.0,0.0,0.0,0.0,0.0
59, TOTAL,Nov/2015,3_month,3630.0,1130455.0,0.0,0.0,0.0,0.0,8368.0,1033377.0,0.0,0.0,0.0,0.0
60, TOTAL,Nov/2015,4_month,3630.0,1130455.0,0.0,0.0,0.0,0.0,8368.0,1033377.0,0.0,0.0,0.0,0.0
61, TOTAL,Nov/2015,5_month,3630.0,1130455.0,0.0,0.0,0.0,0.0,8368.0,1033377.0,0.0,0.0,0.0,0.0
62, TOTAL,Nov/2015,6_month,3630.0,1130455.0,0.0,0.0,0.0,0.0,8368.0,1033377.0,0.0,0.0,0.0,0.0
63, TOTAL,Nov/2015,7_to_12_month,3630.0,1130455.0,0.0,0.0,0.0,0.0,8368.0,1033377.0,0.0,0.0,0.0,0.0
64, TOTAL,Dec/2015,same_month,3302.0,1355702.0,1051.0,1051.0,796944.0,796944.0,7656.0,1480148.0,2979.0,2979.0,1354292.0,1354292.0
65, TOTAL,Dec/2015,1_month,3302.0,1355702.0,0.0,0.0,0.0,0.0,7656.0,1480148.0,0.0,0.0,0.0,0.0
66, TOTAL,Dec/2015,2_month,3302.0,1355702.0,0.0,0.0,0.0,0.0,7656.0,1480148.0,0.0,0.0,0.0,0.0
67, TOTAL,Dec/2015,3_month,3302.0,1355702.0,0.0,0.0,0.0,0.0,7656.0,1480148.0,0.0,0.0,0.0,0.0
68, TOTAL,Dec/2015,4_month,3302.0,1355702.0,0.0,0.0,0.0,0.0,7656.0,1480148.0,0.0,0.0,0.0,0.0
69, TOTAL,Dec/2015,5_month,3302.0,1355702.0,0.0,0.0,0.0,0.0,7656.0,1480148.0,0.0,0.0,0.0,0.0
70, TOTAL,Dec/2015,6_month,3302.0,1355702.0,0.0,0.0,0.0,0.0,7656.0,1480148.0,0.0,0.0,0.0,0.0
71, TOTAL,Dec/2015,7_to_12_month,3302.0,1355702.0,0.0,0.0,0.0,0.0,7656.0,1480148.0,0.0,0.0,0.0,0.0
72,Argentina + Uruguay,Apr/2015,same_month,117.0,257162.0,31.0,31.0,147197.0,147197.0,213.0,100933.0,97.0,97.0,279572.0,279572.0
73,Argentina + Uruguay,Apr/2015,1_month,117.0,257162.0,13.0,42.0,26164.0,173361.0,213.0,100933.0,35.0,111.0,35141.0,314713.0
74,Argentina + Uruguay,Apr/2015,2_month,117.0,257162.0,7.0,44.0,26022.0,199383.0,213.0,100933.0,16.0,111.0,9396.0,324109.0
75,Argentina + Uruguay,Apr/2015,3_month,117.0,257162.0,3.0,44.0,4816.0,204199.0,213.0,100933.0,7.0,113.0,3880.0,327989.0
76,Argentina + Uruguay,Apr/2015,4_month,117.0,257162.0,3.0,44.0,21945.0,226144.0,213.0,100933.0,9.0,115.0,6716.0,334705.0
77,Argentina + Uruguay,Apr/2015,5_month,117.0,257162.0,6.0,45.0,21778.0,247922.0,213.0,100933.0,2.0,117.0,853.0,335558.0
78,Argentina + Uruguay,Apr/2015,6_month,117.0,257162.0,5.0,45.0,12242.0,260164.0,213.0,100933.0,5.0,119.0,1634.0,337192.0
79,Argentina + Uruguay,Apr/2015,7_to_12_month,117.0,257162.0,6.0,46.0,6946.0,267110.0,213.0,100933.0,6.0,121.0,7268.0,344460.0
80,Argentina + Uruguay,May/2015,same_month,176.0,178219.0,29.0,29.0,72896.0,72896.0,284.0,107425.0,198.0,198.0,184737.0,184737.0
81,Argentina + Uruguay,May/2015,1_month,176.0,178219.0,13.0,37.0,50702.0,123598.0,284.0,107425.0,35.0,207.0,26979.0,211716.0
82,Argentina + Uruguay,May/2015,2_month,176.0,178219.0,6.0,38.0,15080.0,138678.0,284.0,107425.0,12.0,208.0,9981.0,221697.0
83,Argentina + Uruguay,May/2015,3_month,176.0,178219.0,7.0,39.0,31391.0,170069.0,284.0,107425.0,12.0,211.0,7955.0,229652.0
84,Argentina + Uruguay,May/2015,4_month,176.0,178219.0,7.0,40.0,31728.0,201797.0,284.0,107425.0,9.0,214.0,5080.0,234732.0
85,Argentina + Uruguay,May/2015,5_month,176.0,178219.0,7.0,40.0,34999.0,236796.0,284.0,107425.0,8.0,214.0,4585.0,239317.0
86,Argentina + Uruguay,May/2015,6_month,176.0,178219.0,4.0,40.0,12737.0,249533.0,284.0,107425.0,7.0,215.0,4960.0,244277.0
87,Argentina + Uruguay,May/2015,7_to_12_month,176.0,178219.0,3.0,40.0,6167.0,255700.0,284.0,107425.0,2.0,216.0,721.0,244998.0
88,Argentina + Uruguay,Jun/2015,same_month,173.0,108504.0,44.0,44.0,113411.0,113411.0,595.0,56516.0,455.0,455.0,171346.0,171346.0
89,Argentina + Uruguay,Jun/2015,1_month,173.0,108504.0,25.0,61.0,55385.0,168796.0,595.0,56516.0,61.0,458.0,50367.0,221713.0
90,Argentina + Uruguay,Jun/2015,2_month,173.0,108504.0,19.0,66.0,24363.0,193159.0,595.0,56516.0,36.0,458.0,30373.0,252086.0
91,Argentina + Uruguay,Jun/2015,3_month,173.0,108504.0,17.0,70.0,36436.0,229595.0,595.0,56516.0,31.0,459.0,21328.0,273414.0
92,Argentina + Uruguay,Jun/2015,4_month,173.0,108504.0,10.0,71.0,17028.0,246623.0,595.0,56516.0,19.0,460.0,63691.0,337105.0
93,Argentina + Uruguay,Jun/2015,5_month,173.0,108504.0,1.0,71.0,792.0,247415.0,595.0,56516.0,12.0,461.0,34677.0,371782.0
94,Argentina + Uruguay,Jun/2015,6_month,173.0,108504.0,4.0,72.0,19007.0,266422.0,595.0,56516.0,13.0,462.0,12509.0,384291.0
95,Argentina + Uruguay,Jun/2015,7_to_12_month,173.0,108504.0,0.0,0.0,0.0,0.0,595.0,56516.0,0.0,0.0,0.0,0.0
96,Argentina + Uruguay,Jul/2015,same_month,82.0,83744.0,25.0,25.0,60018.0,60018.0,375.0,81903.0,278.0,278.0,145261.0,145261.0
97,Argentina + Uruguay,Jul/2015,1_month,82.0,83744.0,19.0,35.0,29088.0,89106.0,375.0,81903.0,63.0,283.0,35875.0,181136.0
98,Argentina + Uruguay,Jul/2015,2_month,82.0,83744.0,13.0,41.0,42334.0,131440.0,375.0,81903.0,14.0,285.0,4358.0,185494.0
99,Argentina + Uruguay,Jul/2015,3_month,82.0,83744.0,11.0,44.0,29118.0,160558.0,375.0,81903.0,11.0,286.0,4034.0,189528.0
100,Argentina + Uruguay,Jul/2015,4_month,82.0,83744.0,6.0,45.0,18408.0,178966.0,375.0,81903.0,3.0,287.0,1694.0,191222.0
101,Argentina + Uruguay,Jul/2015,5_month,82.0,83744.0,4.0,45.0,9530.0,188496.0,375.0,81903.0,6.0,288.0,2716.0,193938.0
102,Argentina + Uruguay,Jul/2015,6_month,82.0,83744.0,0.0,0.0,0.0,0.0,375.0,81903.0,0.0,0.0,0.0,0.0
103,Argentina + Uruguay,Jul/2015,7_to_12_month,82.0,83744.0,0.0,0.0,0.0,0.0,375.0,81903.0,0.0,0.0,0.0,0.0
104,Argentina + Uruguay,Aug/2015,same_month,87.0,94602.0,13.0,13.0,26197.0,26197.0,367.0,56864.0,290.0,290.0,132926.0,132926.0
105,Argentina + Uruguay,Aug/2015,1_month,87.0,94602.0,16.0,23.0,22885.0,49082.0,367.0,56864.0,18.0,292.0,23877.0,156803.0
106,Argentina + Uruguay,Aug/2015,2_month,87.0,94602.0,10.0,26.0,44473.0,93555.0,367.0,56864.0,16.0,297.0,34218.0,191021.0
107,Argentina + Uruguay,Aug/2015,3_month,87.0,94602.0,3.0,26.0,5562.0,99117.0,367.0,56864.0,10.0,299.0,14569.0,205590.0
108,Argentina + Uruguay,Aug/2015,4_month,87.0,94602.0,6.0,27.0,24647.0,123764.0,367.0,56864.0,2.0,301.0,2697.0,208287.0
109,Argentina + Uruguay,Aug/2015,5_month,87.0,94602.0,0.0,0.0,0.0,0.0,367.0,56864.0,0.0,0.0,0.0,0.0
110,Argentina + Uruguay,Aug/2015,6_month,87.0,94602.0,0.0,0.0,0.0,0.0,367.0,56864.0,0.0,0.0,0.0,0.0
111,Argentina + Uruguay,Aug/2015,7_to_12_month,87.0,94602.0,0.0,0.0,0.0,0.0,367.0,56864.0,0.0,0.0,0.0,0.0
112,Argentina + Uruguay,Sep/2015,same_month,95.0,78463.0,22.0,22.0,51597.0,51597.0,478.0,79712.0,356.0,356.0,152359.0,152359.0
113,Argentina + Uruguay,Sep/2015,1_month,95.0,78463.0,16.0,31.0,60437.0,112034.0,478.0,79712.0,23.0,363.0,26958.0,179317.0
114,Argentina + Uruguay,Sep/2015,2_month,95.0,78463.0,9.0,34.0,17752.0,129786.0,478.0,79712.0,12.0,367.0,11747.0,191064.0
115,Argentina + Uruguay,Sep/2015,3_month,95.0,78463.0,5.0,34.0,16342.0,146128.0,478.0,79712.0,7.0,369.0,6709.0,197773.0
116,Argentina + Uruguay,Sep/2015,4_month,95.0,78463.0,0.0,0.0,0.0,0.0,478.0,79712.0,0.0,0.0,0.0,0.0
117,Argentina + Uruguay,Sep/2015,5_month,95.0,78463.0,0.0,0.0,0.0,0.0,478.0,79712.0,0.0,0.0,0.0,0.0
118,Argentina + Uruguay,Sep/2015,6_month,95.0,78463.0,0.0,0.0,0.0,0.0,478.0,79712.0,0.0,0.0,0.0,0.0
119,Argentina + Uruguay,Sep/2015,7_to_12_month,95.0,78463.0,0.0,0.0,0.0,0.0,478.0,79712.0,0.0,0.0,0.0,0.0
120,Argentina + Uruguay,Oct/2015,same_month,85.0,135389.0,16.0,16.0,64729.0,64729.0,319.0,95435.0,196.0,196.0,163053.0,163053.0
121,Argentina + Uruguay,Oct/2015,1_month,85.0,135389.0,10.0,25.0,24297.0,89026.0,319.0,95435.0,26.0,205.0,51397.0,214450.0
122,Argentina + Uruguay,Oct/2015,2_month,85.0,135389.0,8.0,31.0,14086.0,103112.0,319.0,95435.0,25.0,216.0,20061.0,234511.0
123,Argentina + Uruguay,Oct/2015,3_month,85.0,135389.0,0.0,0.0,0.0,0.0,319.0,95435.0,0.0,0.0,0.0,0.0
124,Argentina + Uruguay,Oct/2015,4_month,85.0,135389.0,0.0,0.0,0.0,0.0,319.0,95435.0,0.0,0.0,0.0,0.0
125,Argentina + Uruguay,Oct/2015,5_month,85.0,135389.0,0.0,0.0,0.0,0.0,319.0,95435.0,0.0,0.0,0.0,0.0
126,Argentina + Uruguay,Oct/2015,6_month,85.0,135389.0,0.0,0.0,0.0,0.0,319.0,95435.0,0.0,0.0,0.0,0.0
127,Argentina + Uruguay,Oct/2015,7_to_12_month,85.0,135389.0,0.0,0.0,0.0,0.0,319.0,95435.0,0.0,0.0,0.0,0.0
128,Argentina + Uruguay,Nov/2015,same_month,115.0,165077.0,27.0,27.0,106154.0,106154.0,399.0,134133.0,226.0,226.0,155829.0,155829.0
129,Argentina + Uruguay,Nov/2015,1_month,115.0,165077.0,32.0,46.0,152568.0,258722.0,399.0,134133.0,26.0,238.0,29849.0,185678.0
130,Argentina + Uruguay,Nov/2015,2_month,115.0,165077.0,0.0,0.0,0.0,0.0,399.0,134133.0,0.0,0.0,0.0,0.0
131,Argentina + Uruguay,Nov/2015,3_month,115.0,165077.0,0.0,0.0,0.0,0.0,399.0,134133.0,0.0,0.0,0.0,0.0
132,Argentina + Uruguay,Nov/2015,4_month,115.0,165077.0,0.0,0.0,0.0,0.0,399.0,134133.0,0.0,0.0,0.0,0.0
133,Argentina + Uruguay,Nov/2015,5_month,115.0,165077.0,0.0,0.0,0.0,0.0,399.0,134133.0,0.0,0.0,0.0,0.0
134,Argentina + Uruguay,Nov/2015,6_month,115.0,165077.0,0.0,0.0,0.0,0.0,399.0,134133.0,0.0,0.0,0.0,0.0
135,Argentina + Uruguay,Nov/2015,7_to_12_month,115.0,165077.0,0.0,0.0,0.0,0.0,399.0,134133.0,0.0,0.0,0.0,0.0
136,Argentina + Uruguay,Dec/2015,same_month,73.0,122725.0,12.0,12.0,45674.0,45674.0,423.0,193043.0,239.0,239.0,264412.0,264412.0
137,Argentina + Uruguay,Dec/2015,1_month,73.0,122725.0,0.0,0.0,0.0,0.0,423.0,193043.0,0.0,0.0,0.0,0.0
138,Argentina + Uruguay,Dec/2015,2_month,73.0,122725.0,0.0,0.0,0.0,0.0,423.0,193043.0,0.0,0.0,0.0,0.0
139,Argentina + Uruguay,Dec/2015,3_month,73.0,122725.0,0.0,0.0,0.0,0.0,423.0,193043.0,0.0,0.0,0.0,0.0
140,Argentina + Uruguay,Dec/2015,4_month,73.0,122725.0,0.0,0.0,0.0,0.0,423.0,193043.0,0.0,0.0,0.0,0.0
141,Argentina + Uruguay,Dec/2015,5_month,73.0,122725.0,0.0,0.0,0.0,0.0,423.0,193043.0,0.0,0.0,0.0,0.0
142,Argentina + Uruguay,Dec/2015,6_month,73.0,122725.0,0.0,0.0,0.0,0.0,423.0,193043.0,0.0,0.0,0.0,0.0
143,Argentina + Uruguay,Dec/2015,7_to_12_month,73.0,122725.0,0.0,0.0,0.0,0.0,423.0,193043.0,0.0,0.0,0.0,0.0
144,Brasil,Apr/2015,same_month,411.0,144647.0,178.0,178.0,151847.0,151847.0,1287.0,215308.0,460.0,460.0,176076.0,176076.0
145,Brasil,Apr/2015,1_month,411.0,144647.0,88.0,216.0,91513.0,243360.0,1287.0,215308.0,281.0,606.0,86355.0,262431.0
146,Brasil,Apr/2015,2_month,411.0,144647.0,79.0,228.0,82187.0,325547.0,1287.0,215308.0,244.0,666.0,81416.0,343847.0
147,Brasil,Apr/2015,3_month,411.0,144647.0,55.0,234.0,54133.0,379680.0,1287.0,215308.0,158.0,702.0,41250.0,385097.0
148,Brasil,Apr/2015,4_month,411.0,144647.0,62.0,242.0,69620.0,449300.0,1287.0,215308.0,220.0,738.0,74113.0,459210.0
149,Brasil,Apr/2015,5_month,411.0,144647.0,60.0,247.0,62738.0,512038.0,1287.0,215308.0,225.0,765.0,73804.0,533014.0
150,Brasil,Apr/2015,6_month,411.0,144647.0,60.0,253.0,71293.0,583331.0,1287.0,215308.0,230.0,784.0,75005.0,608019.0
151,Brasil,Apr/2015,7_to_12_month,411.0,144647.0,64.0,258.0,85988.0,669319.0,1287.0,215308.0,269.0,810.0,105358.0,713377.0
152,Brasil,May/2015,same_month,336.0,135427.0,94.0,94.0,109579.0,109579.0,1103.0,193728.0,398.0,398.0,146177.0,146177.0
153,Brasil,May/2015,1_month,336.0,135427.0,88.0,135.0,105726.0,215305.0,1103.0,193728.0,264.0,532.0,84154.0,230331.0
154,Brasil,May/2015,2_month,336.0,135427.0,75.0,154.0,78017.0,293322.0,1103.0,193728.0,190.0,577.0,63554.0,293885.0
155,Brasil,May/2015,3_month,336.0,135427.0,86.0,171.0,127313.0,420635.0,1103.0,193728.0,242.0,624.0,89985.0,383870.0
156,Brasil,May/2015,4_month,336.0,135427.0,70.0,173.0,79735.0,500370.0,1103.0,193728.0,225.0,660.0,77743.0,461613.0
157,Brasil,May/2015,5_month,336.0,135427.0,68.0,179.0,91857.0,592227.0,1103.0,193728.0,231.0,686.0,78166.0,539779.0
158,Brasil,May/2015,6_month,336.0,135427.0,61.0,184.0,72931.0,665158.0,1103.0,193728.0,186.0,705.0,64261.0,604040.0
159,Brasil,May/2015,7_to_12_month,336.0,135427.0,50.0,187.0,48530.0,713688.0,1103.0,193728.0,121.0,713.0,36848.0,640888.0
160,Brasil,Jun/2015,same_month,437.0,273384.0,112.0,112.0,130129.0,130129.0,1356.0,296240.0,575.0,575.0,276147.0,276147.0
161,Brasil,Jun/2015,1_month,437.0,273384.0,59.0,136.0,66298.0,196427.0,1356.0,296240.0,192.0,678.0,67032.0,343179.0
162,Brasil,Jun/2015,2_month,437.0,273384.0,68.0,153.0,102673.0,299100.0,1356.0,296240.0,221.0,751.0,77879.0,421058.0
163,Brasil,Jun/2015,3_month,437.0,273384.0,78.0,171.0,74350.0,373450.0,1356.0,296240.0,198.0,798.0,71053.0,492111.0
164,Brasil,Jun/2015,4_month,437.0,273384.0,75.0,183.0,82367.0,455817.0,1356.0,296240.0,194.0,827.0,86255.0,578366.0
165,Brasil,Jun/2015,5_month,437.0,273384.0,59.0,189.0,73319.0,529136.0,1356.0,296240.0,161.0,848.0,56723.0,635089.0
166,Brasil,Jun/2015,6_month,437.0,273384.0,46.0,192.0,44443.0,573579.0,1356.0,296240.0,118.0,861.0,35745.0,670834.0
167,Brasil,Jun/2015,7_to_12_month,437.0,273384.0,0.0,0.0,0.0,0.0,1356.0,296240.0,0.0,0.0,0.0,0.0
168,Brasil,Jul/2015,same_month,435.0,189406.0,97.0,97.0,84878.0,84878.0,1315.0,247547.0,487.0,487.0,190149.0,190149.0
169,Brasil,Jul/2015,1_month,435.0,189406.0,93.0,147.0,91062.0,175940.0,1315.0,247547.0,308.0,661.0,119757.0,309906.0
170,Brasil,Jul/2015,2_month,435.0,189406.0,68.0,162.0,70053.0,245993.0,1315.0,247547.0,202.0,710.0,69332.0,379238.0
171,Brasil,Jul/2015,3_month,435.0,189406.0,75.0,182.0,100553.0,346546.0,1315.0,247547.0,245.0,758.0,114275.0,493513.0
172,Brasil,Jul/2015,4_month,435.0,189406.0,55.0,191.0,71679.0,418225.0,1315.0,247547.0,203.0,788.0,89591.0,583104.0
173,Brasil,Jul/2015,5_month,435.0,189406.0,46.0,197.0,54992.0,473217.0,1315.0,247547.0,162.0,804.0,70146.0,653250.0
174,Brasil,Jul/2015,6_month,435.0,189406.0,0.0,0.0,0.0,0.0,1315.0,247547.0,0.0,0.0,0.0,0.0
175,Brasil,Jul/2015,7_to_12_month,435.0,189406.0,0.0,0.0,0.0,0.0,1315.0,247547.0,0.0,0.0,0.0,0.0
176,Brasil,Aug/2015,same_month,518.0,233140.0,170.0,170.0,253514.0,253514.0,1706.0,300331.0,657.0,657.0,280206.0,280206.0
177,Brasil,Aug/2015,1_month,518.0,233140.0,174.0,246.0,202780.0,456294.0,1706.0,300331.0,494.0,881.0,183978.0,464184.0
178,Brasil,Aug/2015,2_month,518.0,233140.0,158.0,279.0,187780.0,644074.0,1706.0,300331.0,458.0,983.0,187473.0,651657.0
179,Brasil,Aug/2015,3_month,518.0,233140.0,127.0,288.0,167967.0,812041.0,1706.0,300331.0,428.0,1044.0,168385.0,820042.0
180,Brasil,Aug/2015,4_month,518.0,233140.0,87.0,294.0,74781.0,886822.0,1706.0,300331.0,243.0,1070.0,73737.0,893779.0
181,Brasil,Aug/2015,5_month,518.0,233140.0,0.0,0.0,0.0,0.0,1706.0,300331.0,0.0,0.0,0.0,0.0
182,Brasil,Aug/2015,6_month,518.0,233140.0,0.0,0.0,0.0,0.0,1706.0,300331.0,0.0,0.0,0.0,0.0
183,Brasil,Aug/2015,7_to_12_month,518.0,233140.0,0.0,0.0,0.0,0.0,1706.0,300331.0,0.0,0.0,0.0,0.0
184,Brasil,Sep/2015,same_month,495.0,218303.0,126.0,126.0,138667.0,138667.0,1557.0,295906.0,518.0,518.0,241075.0,241075.0
185,Brasil,Sep/2015,1_month,495.0,218303.0,150.0,204.0,162521.0,301188.0,1557.0,295906.0,414.0,730.0,147485.0,388560.0
186,Brasil,Sep/2015,2_month,495.0,218303.0,114.0,216.0,116429.0,417617.0,1557.0,295906.0,327.0,811.0,107175.0,495735.0
187,Brasil,Sep/2015,3_month,495.0,218303.0,76.0,225.0,40824.0,458441.0,1557.0,295906.0,192.0,843.0,49017.0,544752.0
188,Brasil,Sep/2015,4_month,495.0,218303.0,0.0,0.0,0.0,0.0,1557.0,295906.0,0.0,0.0,0.0,0.0
189,Brasil,Sep/2015,5_month,495.0,218303.0,0.0,0.0,0.0,0.0,1557.0,295906.0,0.0,0.0,0.0,0.0
190,Brasil,Sep/2015,6_month,495.0,218303.0,0.0,0.0,0.0,0.0,1557.0,295906.0,0.0,0.0,0.0,0.0
191,Brasil,Sep/2015,7_to_12_month,495.0,218303.0,0.0,0.0,0.0,0.0,1557.0,295906.0,0.0,0.0,0.0,0.0
192,Brasil,Oct/2015,same_month,948.0,553788.0,203.0,203.0,225423.0,225423.0,2590.0,528644.0,1014.0,1014.0,497397.0,497397.0
193,Brasil,Oct/2015,1_month,948.0,553788.0,145.0,287.0,132644.0,358067.0,2590.0,528644.0,448.0,1261.0,157336.0,654733.0
194,Brasil,Oct/2015,2_month,948.0,553788.0,92.0,312.0,73086.0,431153.0,2590.0,528644.0,225.0,1324.0,64155.0,718888.0
195,Brasil,Oct/2015,3_month,948.0,553788.0,0.0,0.0,0.0,0.0,2590.0,528644.0,0.0,0.0,0.0,0.0
196,Brasil,Oct/2015,4_month,948.0,553788.0,0.0,0.0,0.0,0.0,2590.0,528644.0,0.0,0.0,0.0,0.0
197,Brasil,Oct/2015,5_month,948.0,553788.0,0.0,0.0,0.0,0.0,2590.0,528644.0,0.0,0.0,0.0,0.0
198,Brasil,Oct/2015,6_month,948.0,553788.0,0.0,0.0,0.0,0.0,2590.0,528644.0,0.0,0.0,0.0,0.0
199,Brasil,Oct/2015,7_to_12_month,948.0,553788.0,0.0,0.0,0.0,0.0,2590.0,528644.0,0.0,0.0,0.0,0.0
200,Brasil,Nov/2015,same_month,534.0,211926.0,150.0,150.0,128995.0,128995.0,1516.0,288331.0,485.0,485.0,205174.0,205174.0
201,Brasil,Nov/2015,1_month,534.0,211926.0,116.0,205.0,75858.0,204853.0,1516.0,288331.0,219.0,594.0,67431.0,272605.0
202,Brasil,Nov/2015,2_month,534.0,211926.0,0.0,0.0,0.0,0.0,1516.0,288331.0,0.0,0.0,0.0,0.0
203,Brasil,Nov/2015,3_month,534.0,211926.0,0.0,0.0,0.0,0.0,1516.0,288331.0,0.0,0.0,0.0,0.0
204,Brasil,Nov/2015,4_month,534.0,211926.0,0.0,0.0,0.0,0.0,1516.0,288331.0,0.0,0.0,0.0,0.0
205,Brasil,Nov/2015,5_month,534.0,211926.0,0.0,0.0,0.0,0.0,1516.0,288331.0,0.0,0.0,0.0,0.0
206,Brasil,Nov/2015,6_month,534.0,211926.0,0.0,0.0,0.0,0.0,1516.0,288331.0,0.0,0.0,0.0,0.0
207,Brasil,Nov/2015,7_to_12_month,534.0,211926.0,0.0,0.0,0.0,0.0,1516.0,288331.0,0.0,0.0,0.0,0.0
208,Brasil,Dec/2015,same_month,421.0,176851.0,113.0,113.0,98531.0,98531.0,1079.0,242247.0,274.0,274.0,149732.0,149732.0
209,Brasil,Dec/2015,1_month,421.0,176851.0,0.0,0.0,0.0,0.0,1079.0,242247.0,0.0,0.0,0.0,0.0
210,Brasil,Dec/2015,2_month,421.0,176851.0,0.0,0.0,0.0,0.0,1079.0,242247.0,0.0,0.0,0.0,0.0
211,Brasil,Dec/2015,3_month,421.0,176851.0,0.0,0.0,0.0,0.0,1079.0,242247.0,0.0,0.0,0.0,0.0
212,Brasil,Dec/2015,4_month,421.0,176851.0,0.0,0.0,0.0,0.0,1079.0,242247.0,0.0,0.0,0.0,0.0
213,Brasil,Dec/2015,5_month,421.0,176851.0,0.0,0.0,0.0,0.0,1079.0,242247.0,0.0,0.0,0.0,0.0
214,Brasil,Dec/2015,6_month,421.0,176851.0,0.0,0.0,0.0,0.0,1079.0,242247.0,0.0,0.0,0.0,0.0
215,Brasil,Dec/2015,7_to_12_month,421.0,176851.0,0.0,0.0,0.0,0.0,1079.0,242247.0,0.0,0.0,0.0,0.0
216,Chile,Apr/2015,same_month,389.0,156051.0,214.0,214.0,174396.0,174396.0,772.0,81487.0,412.0,412.0,156908.0,156908.0
217,Chile,Apr/2015,1_month,389.0,156051.0,137.0,255.0,79939.0,254335.0,772.0,81487.0,354.0,496.0,124906.0,281814.0
218,Chile,Apr/2015,2_month,389.0,156051.0,125.0,269.0,71460.0,325795.0,772.0,81487.0,306.0,507.0,100307.0,382121.0
219,Chile,Apr/2015,3_month,389.0,156051.0,43.0,270.0,29114.0,354909.0,772.0,81487.0,107.0,510.0,23934.0,406055.0
220,Chile,Apr/2015,4_month,389.0,156051.0,139.0,288.0,158832.0,513741.0,772.0,81487.0,257.0,517.0,81903.0,487958.0
221,Chile,Apr/2015,5_month,389.0,156051.0,113.0,296.0,92791.0,606532.0,772.0,81487.0,257.0,523.0,110318.0,598276.0
222,Chile,Apr/2015,6_month,389.0,156051.0,92.0,298.0,57342.0,663874.0,772.0,81487.0,254.0,528.0,103659.0,701935.0
223,Chile,Apr/2015,7_to_12_month,389.0,156051.0,106.0,302.0,74202.0,738076.0,772.0,81487.0,251.0,537.0,122331.0,824266.0
224,Chile,May/2015,same_month,287.0,60205.0,109.0,109.0,50278.0,50278.0,595.0,54486.0,274.0,274.0,67819.0,67819.0
225,Chile,May/2015,1_month,287.0,60205.0,71.0,128.0,32203.0,82481.0,595.0,54486.0,166.0,308.0,44494.0,112313.0
226,Chile,May/2015,2_month,287.0,60205.0,31.0,130.0,12307.0,94788.0,595.0,54486.0,62.0,316.0,16390.0,128703.0
227,Chile,May/2015,3_month,287.0,60205.0,57.0,133.0,45931.0,140719.0,595.0,54486.0,113.0,322.0,29183.0,157886.0
228,Chile,May/2015,4_month,287.0,60205.0,59.0,138.0,37127.0,177846.0,595.0,54486.0,122.0,327.0,39999.0,197885.0
229,Chile,May/2015,5_month,287.0,60205.0,51.0,139.0,27876.0,205722.0,595.0,54486.0,117.0,339.0,33568.0,231453.0
230,Chile,May/2015,6_month,287.0,60205.0,33.0,140.0,15989.0,221711.0,595.0,54486.0,101.0,343.0,31108.0,262561.0
231,Chile,May/2015,7_to_12_month,287.0,60205.0,21.0,142.0,5024.0,226735.0,595.0,54486.0,63.0,348.0,18540.0,281101.0
232,Chile,Jun/2015,same_month,207.0,33058.0,122.0,122.0,51946.0,51946.0,417.0,31950.0,236.0,236.0,55074.0,55074.0
233,Chile,Jun/2015,1_month,207.0,33058.0,70.0,137.0,30406.0,82352.0,417.0,31950.0,119.0,260.0,30615.0,85689.0
234,Chile,Jun/2015,2_month,207.0,33058.0,72.0,146.0,46402.0,128754.0,417.0,31950.0,124.0,275.0,34069.0,119758.0
235,Chile,Jun/2015,3_month,207.0,33058.0,72.0,149.0,42023.0,170777.0,417.0,31950.0,132.0,287.0,43658.0,163416.0
236,Chile,Jun/2015,4_month,207.0,33058.0,65.0,151.0,32635.0,203412.0,417.0,31950.0,117.0,292.0,42532.0,205948.0
237,Chile,Jun/2015,5_month,207.0,33058.0,55.0,154.0,26209.0,229621.0,417.0,31950.0,105.0,295.0,33874.0,239822.0
238,Chile,Jun/2015,6_month,207.0,33058.0,41.0,157.0,23275.0,252896.0,417.0,31950.0,52.0,298.0,8961.0,248783.0
239,Chile,Jun/2015,7_to_12_month,207.0,33058.0,0.0,0.0,0.0,0.0,417.0,31950.0,0.0,0.0,0.0,0.0
240,Chile,Jul/2015,same_month,131.0,38778.0,26.0,26.0,13471.0,13471.0,329.0,35002.0,173.0,173.0,42690.0,42690.0
241,Chile,Jul/2015,1_month,131.0,38778.0,21.0,35.0,10647.0,24118.0,329.0,35002.0,35.0,184.0,9247.0,51937.0
242,Chile,Jul/2015,2_month,131.0,38778.0,22.0,39.0,11183.0,35301.0,329.0,35002.0,40.0,190.0,14570.0,66507.0
243,Chile,Jul/2015,3_month,131.0,38778.0,15.0,43.0,7312.0,42613.0,329.0,35002.0,41.0,197.0,14946.0,81453.0
244,Chile,Jul/2015,4_month,131.0,38778.0,14.0,45.0,8653.0,51266.0,329.0,35002.0,35.0,206.0,10621.0,92074.0
245,Chile,Jul/2015,5_month,131.0,38778.0,11.0,47.0,6400.0,57666.0,329.0,35002.0,34.0,211.0,9257.0,101331.0
246,Chile,Jul/2015,6_month,131.0,38778.0,0.0,0.0,0.0,0.0,329.0,35002.0,0.0,0.0,0.0,0.0
247,Chile,Jul/2015,7_to_12_month,131.0,38778.0,0.0,0.0,0.0,0.0,329.0,35002.0,0.0,0.0,0.0,0.0
248,Chile,Aug/2015,same_month,303.0,78231.0,154.0,154.0,85132.0,85132.0,578.0,45572.0,390.0,390.0,105723.0,105723.0
249,Chile,Aug/2015,1_month,303.0,78231.0,197.0,223.0,140384.0,225516.0,578.0,45572.0,332.0,436.0,129249.0,234972.0
250,Chile,Aug/2015,2_month,303.0,78231.0,157.0,224.0,106729.0,332245.0,578.0,45572.0,269.0,442.0,93072.0,328044.0
251,Chile,Aug/2015,3_month,303.0,78231.0,134.0,226.0,79417.0,411662.0,578.0,45572.0,233.0,444.0,75222.0,403266.0
252,Chile,Aug/2015,4_month,303.0,78231.0,81.0,229.0,34906.0,446568.0,578.0,45572.0,126.0,446.0,31265.0,434531.0
253,Chile,Aug/2015,5_month,303.0,78231.0,0.0,0.0,0.0,0.0,578.0,45572.0,0.0,0.0,0.0,0.0
254,Chile,Aug/2015,6_month,303.0,78231.0,0.0,0.0,0.0,0.0,578.0,45572.0,0.0,0.0,0.0,0.0
255,Chile,Aug/2015,7_to_12_month,303.0,78231.0,0.0,0.0,0.0,0.0,578.0,45572.0,0.0,0.0,0.0,0.0
256,Chile,Sep/2015,same_month,412.0,120110.0,182.0,182.0,126588.0,126588.0,797.0,100099.0,426.0,426.0,150025.0,150025.0
257,Chile,Sep/2015,1_month,412.0,120110.0,171.0,238.0,123368.0,249956.0,797.0,100099.0,283.0,493.0,124555.0,274580.0
258,Chile,Sep/2015,2_month,412.0,120110.0,122.0,245.0,81782.0,331738.0,797.0,100099.0,200.0,511.0,103006.0,377586.0
259,Chile,Sep/2015,3_month,412.0,120110.0,100.0,259.0,74451.0,406189.0,797.0,100099.0,149.0,519.0,67543.0,445129.0
260,Chile,Sep/2015,4_month,412.0,120110.0,0.0,0.0,0.0,0.0,797.0,100099.0,0.0,0.0,0.0,0.0
261,Chile,Sep/2015,5_month,412.0,120110.0,0.0,0.0,0.0,0.0,797.0,100099.0,0.0,0.0,0.0,0.0
262,Chile,Sep/2015,6_month,412.0,120110.0,0.0,0.0,0.0,0.0,797.0,100099.0,0.0,0.0,0.0,0.0
263,Chile,Sep/2015,7_to_12_month,412.0,120110.0,0.0,0.0,0.0,0.0,797.0,100099.0,0.0,0.0,0.0,0.0
264,Chile,Oct/2015,same_month,363.0,143859.0,140.0,140.0,91178.0,91178.0,869.0,116753.0,452.0,452.0,143498.0,143498.0
265,Chile,Oct/2015,1_month,363.0,143859.0,123.0,183.0,111594.0,202772.0,869.0,116753.0,197.0,509.0,107371.0,250869.0
266,Chile,Oct/2015,2_month,363.0,143859.0,78.0,193.0,56338.0,259110.0,869.0,116753.0,111.0,522.0,42437.0,293306.0
267,Chile,Oct/2015,3_month,363.0,143859.0,0.0,0.0,0.0,0.0,869.0,116753.0,0.0,0.0,0.0,0.0
268,Chile,Oct/2015,4_month,363.0,143859.0,0.0,0.0,0.0,0.0,869.0,116753.0,0.0,0.0,0.0,0.0
269,Chile,Oct/2015,5_month,363.0,143859.0,0.0,0.0,0.0,0.0,869.0,116753.0,0.0,0.0,0.0,0.0
270,Chile,Oct/2015,6_month,363.0,143859.0,0.0,0.0,0.0,0.0,869.0,116753.0,0.0,0.0,0.0,0.0
271,Chile,Oct/2015,7_to_12_month,363.0,143859.0,0.0,0.0,0.0,0.0,869.0,116753.0,0.0,0.0,0.0,0.0
272,Chile,Nov/2015,same_month,339.0,80024.0,140.0,140.0,87070.0,87070.0,675.0,68256.0,323.0,323.0,127329.0,127329.0
273,Chile,Nov/2015,1_month,339.0,80024.0,98.0,165.0,56530.0,143600.0,675.0,68256.0,187.0,373.0,61862.0,189191.0
274,Chile,Nov/2015,2_month,339.0,80024.0,0.0,0.0,0.0,0.0,675.0,68256.0,0.0,0.0,0.0,0.0
275,Chile,Nov/2015,3_month,339.0,80024.0,0.0,0.0,0.0,0.0,675.0,68256.0,0.0,0.0,0.0,0.0
276,Chile,Nov/2015,4_month,339.0,80024.0,0.0,0.0,0.0,0.0,675.0,68256.0,0.0,0.0,0.0,0.0
277,Chile,Nov/2015,5_month,339.0,80024.0,0.0,0.0,0.0,0.0,675.0,68256.0,0.0,0.0,0.0,0.0
278,Chile,Nov/2015,6_month,339.0,80024.0,0.0,0.0,0.0,0.0,675.0,68256.0,0.0,0.0,0.0,0.0
279,Chile,Nov/2015,7_to_12_month,339.0,80024.0,0.0,0.0,0.0,0.0,675.0,68256.0,0.0,0.0,0.0,0.0
280,Chile,Dec/2015,same_month,376.0,172902.0,85.0,85.0,79116.0,79116.0,868.0,208330.0,287.0,287.0,157296.0,157296.0
281,Chile,Dec/2015,1_month,376.0,172902.0,0.0,0.0,0.0,0.0,868.0,208330.0,0.0,0.0,0.0,0.0
282,Chile,Dec/2015,2_month,376.0,172902.0,0.0,0.0,0.0,0.0,868.0,208330.0,0.0,0.0,0.0,0.0
283,Chile,Dec/2015,3_month,376.0,172902.0,0.0,0.0,0.0,0.0,868.0,208330.0,0.0,0.0,0.0,0.0
284,Chile,Dec/2015,4_month,376.0,172902.0,0.0,0.0,0.0,0.0,868.0,208330.0,0.0,0.0,0.0,0.0
285,Chile,Dec/2015,5_month,376.0,172902.0,0.0,0.0,0.0,0.0,868.0,208330.0,0.0,0.0,0.0,0.0
286,Chile,Dec/2015,6_month,376.0,172902.0,0.0,0.0,0.0,0.0,868.0,208330.0,0.0,0.0,0.0,0.0
287,Chile,Dec/2015,7_to_12_month,376.0,172902.0,0.0,0.0,0.0,0.0,868.0,208330.0,0.0,0.0,0.0,0.0
288,Colombia,Apr/2015,same_month,204.0,59511.0,142.0,142.0,254841.0,254841.0,708.0,51966.0,386.0,386.0,287535.0,287535.0
289,Colombia,Apr/2015,1_month,204.0,59511.0,59.0,149.0,109190.0,364031.0,708.0,51966.0,250.0,444.0,121674.0,409209.0
290,Colombia,Apr/2015,2_month,204.0,59511.0,28.0,152.0,67469.0,431500.0,708.0,51966.0,60.0,450.0,72386.0,481595.0
291,Colombia,Apr/2015,3_month,204.0,59511.0,25.0,152.0,38658.0,470158.0,708.0,51966.0,62.0,457.0,23976.0,505571.0
292,Colombia,Apr/2015,4_month,204.0,59511.0,34.0,156.0,89310.0,559468.0,708.0,51966.0,126.0,475.0,56299.0,561870.0
293,Colombia,Apr/2015,5_month,204.0,59511.0,31.0,158.0,133454.0,692922.0,708.0,51966.0,126.0,483.0,98365.0,660235.0
294,Colombia,Apr/2015,6_month,204.0,59511.0,30.0,160.0,113130.0,806052.0,708.0,51966.0,127.0,493.0,98589.0,758824.0
295,Colombia,Apr/2015,7_to_12_month,204.0,59511.0,30.0,163.0,133169.0,939221.0,708.0,51966.0,100.0,496.0,92812.0,851636.0
296,Colombia,May/2015,same_month,150.0,73193.0,38.0,38.0,47640.0,47640.0,567.0,42437.0,377.0,377.0,134662.0,134662.0
297,Colombia,May/2015,1_month,150.0,73193.0,13.0,48.0,29226.0,76866.0,567.0,42437.0,61.0,385.0,69756.0,204418.0
298,Colombia,May/2015,2_month,150.0,73193.0,11.0,52.0,76549.0,153415.0,567.0,42437.0,54.0,397.0,189854.0,394272.0
299,Colombia,May/2015,3_month,150.0,73193.0,9.0,53.0,57457.0,210872.0,567.0,42437.0,55.0,409.0,111045.0,505317.0
300,Colombia,May/2015,4_month,150.0,73193.0,10.0,53.0,71208.0,282080.0,567.0,42437.0,58.0,418.0,78391.0,583708.0
301,Colombia,May/2015,5_month,150.0,73193.0,11.0,53.0,57845.0,339925.0,567.0,42437.0,63.0,426.0,75901.0,659609.0
302,Colombia,May/2015,6_month,150.0,73193.0,10.0,53.0,55080.0,395005.0,567.0,42437.0,49.0,426.0,64427.0,724036.0
303,Colombia,May/2015,7_to_12_month,150.0,73193.0,8.0,53.0,23634.0,418639.0,567.0,42437.0,21.0,426.0,33673.0,757709.0
304,Colombia,Jun/2015,same_month,133.0,112576.0,26.0,26.0,43856.0,43856.0,186.0,55987.0,93.0,93.0,91534.0,91534.0
305,Colombia,Jun/2015,1_month,133.0,112576.0,36.0,56.0,218247.0,262103.0,186.0,55987.0,45.0,102.0,83614.0,175148.0
306,Colombia,Jun/2015,2_month,133.0,112576.0,26.0,58.0,126578.0,388681.0,186.0,55987.0,35.0,107.0,51728.0,226876.0
307,Colombia,Jun/2015,3_month,133.0,112576.0,21.0,61.0,88118.0,476799.0,186.0,55987.0,33.0,110.0,48920.0,275796.0
308,Colombia,Jun/2015,4_month,133.0,112576.0,20.0,63.0,117708.0,594507.0,186.0,55987.0,31.0,114.0,76209.0,352005.0
309,Colombia,Jun/2015,5_month,133.0,112576.0,28.0,65.0,77321.0,671828.0,186.0,55987.0,21.0,116.0,60148.0,412153.0
310,Colombia,Jun/2015,6_month,133.0,112576.0,29.0,71.0,74602.0,746430.0,186.0,55987.0,24.0,117.0,52028.0,464181.0
311,Colombia,Jun/2015,7_to_12_month,133.0,112576.0,0.0,0.0,0.0,0.0,186.0,55987.0,0.0,0.0,0.0,0.0
312,Colombia,Jul/2015,same_month,188.0,81611.0,48.0,48.0,88041.0,88041.0,391.0,54345.0,165.0,165.0,132983.0,132983.0
313,Colombia,Jul/2015,1_month,188.0,81611.0,56.0,76.0,122398.0,210439.0,391.0,54345.0,136.0,206.0,81360.0,214343.0
314,Colombia,Jul/2015,2_month,188.0,81611.0,44.0,87.0,157618.0,368057.0,391.0,54345.0,101.0,217.0,98935.0,313278.0
315,Colombia,Jul/2015,3_month,188.0,81611.0,23.0,91.0,68366.0,436423.0,391.0,54345.0,85.0,226.0,78953.0,392231.0
316,Colombia,Jul/2015,4_month,188.0,81611.0,27.0,91.0,61830.0,498253.0,391.0,54345.0,64.0,234.0,48737.0,440968.0
317,Colombia,Jul/2015,5_month,188.0,81611.0,20.0,96.0,34504.0,532757.0,391.0,54345.0,16.0,238.0,28205.0,469173.0
318,Colombia,Jul/2015,6_month,188.0,81611.0,0.0,0.0,0.0,0.0,391.0,54345.0,0.0,0.0,0.0,0.0
319,Colombia,Jul/2015,7_to_12_month,188.0,81611.0,0.0,0.0,0.0,0.0,391.0,54345.0,0.0,0.0,0.0,0.0
320,Colombia,Aug/2015,same_month,206.0,114104.0,77.0,77.0,193744.0,193744.0,718.0,85496.0,378.0,378.0,270366.0,270366.0
321,Colombia,Aug/2015,1_month,206.0,114104.0,63.0,95.0,157198.0,350942.0,718.0,85496.0,290.0,448.0,190248.0,460614.0
322,Colombia,Aug/2015,2_month,206.0,114104.0,41.0,103.0,73091.0,424033.0,718.0,85496.0,253.0,488.0,83590.0,544204.0
323,Colombia,Aug/2015,3_month,206.0,114104.0,38.0,106.0,64132.0,488165.0,718.0,85496.0,180.0,498.0,57736.0,601940.0
324,Colombia,Aug/2015,4_month,206.0,114104.0,15.0,111.0,18193.0,506358.0,718.0,85496.0,38.0,504.0,24338.0,626278.0
325,Colombia,Aug/2015,5_month,206.0,114104.0,0.0,0.0,0.0,0.0,718.0,85496.0,0.0,0.0,0.0,0.0
326,Colombia,Aug/2015,6_month,206.0,114104.0,0.0,0.0,0.0,0.0,718.0,85496.0,0.0,0.0,0.0,0.0
327,Colombia,Aug/2015,7_to_12_month,206.0,114104.0,0.0,0.0,0.0,0.0,718.0,85496.0,0.0,0.0,0.0,0.0
328,Colombia,Sep/2015,same_month,198.0,125617.0,82.0,82.0,287062.0,287062.0,628.0,85478.0,347.0,347.0,366093.0,366093.0
329,Colombia,Sep/2015,1_month,198.0,125617.0,72.0,108.0,273512.0,560574.0,628.0,85478.0,270.0,432.0,270887.0,636980.0
330,Colombia,Sep/2015,2_month,198.0,125617.0,72.0,116.0,292417.0,852991.0,628.0,85478.0,191.0,445.0,291603.0,928583.0
331,Colombia,Sep/2015,3_month,198.0,125617.0,42.0,121.0,90826.0,943817.0,628.0,85478.0,59.0,448.0,129439.0,1058022.0
332,Colombia,Sep/2015,4_month,198.0,125617.0,0.0,0.0,0.0,0.0,628.0,85478.0,0.0,0.0,0.0,0.0
333,Colombia,Sep/2015,5_month,198.0,125617.0,0.0,0.0,0.0,0.0,628.0,85478.0,0.0,0.0,0.0,0.0
334,Colombia,Sep/2015,6_month,198.0,125617.0,0.0,0.0,0.0,0.0,628.0,85478.0,0.0,0.0,0.0,0.0
335,Colombia,Sep/2015,7_to_12_month,198.0,125617.0,0.0,0.0,0.0,0.0,628.0,85478.0,0.0,0.0,0.0,0.0
336,Colombia,Oct/2015,same_month,242.0,111568.0,83.0,83.0,141897.0,141897.0,746.0,88269.0,360.0,360.0,270846.0,270846.0
337,Colombia,Oct/2015,1_month,242.0,111568.0,66.0,102.0,233581.0,375478.0,746.0,88269.0,210.0,410.0,266761.0,537607.0
338,Colombia,Oct/2015,2_month,242.0,111568.0,66.0,120.0,129002.0,504480.0,746.0,88269.0,78.0,424.0,151497.0,689104.0
339,Colombia,Oct/2015,3_month,242.0,111568.0,0.0,0.0,0.0,0.0,746.0,88269.0,0.0,0.0,0.0,0.0
340,Colombia,Oct/2015,4_month,242.0,111568.0,0.0,0.0,0.0,0.0,746.0,88269.0,0.0,0.0,0.0,0.0
341,Colombia,Oct/2015,5_month,242.0,111568.0,0.0,0.0,0.0,0.0,746.0,88269.0,0.0,0.0,0.0,0.0
342,Colombia,Oct/2015,6_month,242.0,111568.0,0.0,0.0,0.0,0.0,746.0,88269.0,0.0,0.0,0.0,0.0
343,Colombia,Oct/2015,7_to_12_month,242.0,111568.0,0.0,0.0,0.0,0.0,746.0,88269.0,0.0,0.0,0.0,0.0
344,Colombia,Nov/2015,same_month,165.0,80653.0,31.0,31.0,53956.0,53956.0,405.0,79016.0,163.0,163.0,102103.0,102103.0
345,Colombia,Nov/2015,1_month,165.0,80653.0,30.0,48.0,91876.0,145832.0,405.0,79016.0,46.0,180.0,46852.0,148955.0
346,Colombia,Nov/2015,2_month,165.0,80653.0,0.0,0.0,0.0,0.0,405.0,79016.0,0.0,0.0,0.0,0.0
347,Colombia,Nov/2015,3_month,165.0,80653.0,0.0,0.0,0.0,0.0,405.0,79016.0,0.0,0.0,0.0,0.0
348,Colombia,Nov/2015,4_month,165.0,80653.0,0.0,0.0,0.0,0.0,405.0,79016.0,0.0,0.0,0.0,0.0
349,Colombia,Nov/2015,5_month,165.0,80653.0,0.0,0.0,0.0,0.0,405.0,79016.0,0.0,0.0,0.0,0.0
350,Colombia,Nov/2015,6_month,165.0,80653.0,0.0,0.0,0.0,0.0,405.0,79016.0,0.0,0.0,0.0,0.0
351,Colombia,Nov/2015,7_to_12_month,165.0,80653.0,0.0,0.0,0.0,0.0,405.0,79016.0,0.0,0.0,0.0,0.0
352,Colombia,Dec/2015,same_month,400.0,230572.0,90.0,90.0,100953.0,100953.0,737.0,258184.0,167.0,167.0,147586.0,147586.0
353,Colombia,Dec/2015,1_month,400.0,230572.0,0.0,0.0,0.0,0.0,737.0,258184.0,0.0,0.0,0.0,0.0
354,Colombia,Dec/2015,2_month,400.0,230572.0,0.0,0.0,0.0,0.0,737.0,258184.0,0.0,0.0,0.0,0.0
355,Colombia,Dec/2015,3_month,400.0,230572.0,0.0,0.0,0.0,0.0,737.0,258184.0,0.0,0.0,0.0,0.0
356,Colombia,Dec/2015,4_month,400.0,230572.0,0.0,0.0,0.0,0.0,737.0,258184.0,0.0,0.0,0.0,0.0
357,Colombia,Dec/2015,5_month,400.0,230572.0,0.0,0.0,0.0,0.0,737.0,258184.0,0.0,0.0,0.0,0.0
358,Colombia,Dec/2015,6_month,400.0,230572.0,0.0,0.0,0.0,0.0,737.0,258184.0,0.0,0.0,0.0,0.0
359,Colombia,Dec/2015,7_to_12_month,400.0,230572.0,0.0,0.0,0.0,0.0,737.0,258184.0,0.0,0.0,0.0,0.0
360,India,Apr/2015,same_month,548.0,319902.0,224.0,224.0,192574.0,192574.0,804.0,127968.0,512.0,512.0,371934.0,371934.0
361,India,Apr/2015,1_month,548.0,319902.0,61.0,248.0,45622.0,238196.0,804.0,127968.0,109.0,539.0,58712.0,430646.0
362,India,Apr/2015,2_month,548.0,319902.0,46.0,269.0,27509.0,265705.0,804.0,127968.0,67.0,561.0,32505.0,463151.0
363,India,Apr/2015,3_month,548.0,319902.0,30.0,276.0,24285.0,289990.0,804.0,127968.0,54.0,563.0,33040.0,496191.0
364,India,Apr/2015,4_month,548.0,319902.0,29.0,281.0,57316.0,347306.0,804.0,127968.0,66.0,567.0,47258.0,543449.0
365,India,Apr/2015,5_month,548.0,319902.0,20.0,285.0,18980.0,366286.0,804.0,127968.0,51.0,567.0,29910.0,573359.0
366,India,Apr/2015,6_month,548.0,319902.0,26.0,289.0,23534.0,389820.0,804.0,127968.0,44.0,569.0,29608.0,602967.0
367,India,Apr/2015,7_to_12_month,548.0,319902.0,34.0,292.0,34949.0,424769.0,804.0,127968.0,50.0,571.0,33432.0,636399.0
368,India,May/2015,same_month,355.0,173434.0,78.0,78.0,65240.0,65240.0,464.0,77449.0,298.0,298.0,170844.0,170844.0
369,India,May/2015,1_month,355.0,173434.0,25.0,92.0,21206.0,86446.0,464.0,77449.0,44.0,311.0,44236.0,215080.0
370,India,May/2015,2_month,355.0,173434.0,25.0,107.0,41620.0,128066.0,464.0,77449.0,25.0,315.0,13181.0,228261.0
371,India,May/2015,3_month,355.0,173434.0,20.0,111.0,14006.0,142072.0,464.0,77449.0,18.0,316.0,7378.0,235639.0
372,India,May/2015,4_month,355.0,173434.0,12.0,115.0,7415.0,149487.0,464.0,77449.0,10.0,317.0,5005.0,240644.0
373,India,May/2015,5_month,355.0,173434.0,13.0,117.0,11374.0,160861.0,464.0,77449.0,11.0,321.0,5497.0,246141.0
374,India,May/2015,6_month,355.0,173434.0,6.0,118.0,4174.0,165035.0,464.0,77449.0,12.0,323.0,6463.0,252604.0
375,India,May/2015,7_to_12_month,355.0,173434.0,10.0,119.0,9268.0,174303.0,464.0,77449.0,10.0,324.0,2686.0,255290.0
376,India,Jun/2015,same_month,693.0,388808.0,123.0,123.0,142386.0,142386.0,925.0,187441.0,719.0,719.0,424688.0,424688.0
377,India,Jun/2015,1_month,693.0,388808.0,20.0,133.0,21265.0,163651.0,925.0,187441.0,37.0,727.0,26930.0,451618.0
378,India,Jun/2015,2_month,693.0,388808.0,20.0,141.0,19093.0,182744.0,925.0,187441.0,34.0,733.0,19069.0,470687.0
379,India,Jun/2015,3_month,693.0,388808.0,17.0,149.0,10784.0,193528.0,925.0,187441.0,27.0,737.0,11139.0,481826.0
380,India,Jun/2015,4_month,693.0,388808.0,14.0,152.0,10983.0,204511.0,925.0,187441.0,29.0,741.0,17195.0,499021.0
381,India,Jun/2015,5_month,693.0,388808.0,12.0,153.0,9930.0,214441.0,925.0,187441.0,20.0,742.0,11260.0,510281.0
382,India,Jun/2015,6_month,693.0,388808.0,15.0,155.0,7308.0,221749.0,925.0,187441.0,25.0,744.0,12866.0,523147.0
383,India,Jun/2015,7_to_12_month,693.0,388808.0,0.0,0.0,0.0,0.0,925.0,187441.0,0.0,0.0,0.0,0.0
384,India,Jul/2015,same_month,1339.0,336335.0,82.0,82.0,51122.0,51122.0,2105.0,174741.0,1824.0,1824.0,340551.0,340551.0
385,India,Jul/2015,1_month,1339.0,336335.0,37.0,110.0,28115.0,79237.0,2105.0,174741.0,67.0,1836.0,30920.0,371471.0
386,India,Jul/2015,2_month,1339.0,336335.0,23.0,115.0,12941.0,92178.0,2105.0,174741.0,37.0,1841.0,12972.0,384443.0
387,India,Jul/2015,3_month,1339.0,336335.0,24.0,125.0,19444.0,111622.0,2105.0,174741.0,32.0,1842.0,15257.0,399700.0
388,India,Jul/2015,4_month,1339.0,336335.0,27.0,129.0,23560.0,135182.0,2105.0,174741.0,35.0,1848.0,14242.0,413942.0
389,India,Jul/2015,5_month,1339.0,336335.0,20.0,133.0,14350.0,149532.0,2105.0,174741.0,25.0,1850.0,9640.0,423582.0
390,India,Jul/2015,6_month,1339.0,336335.0,0.0,0.0,0.0,0.0,2105.0,174741.0,0.0,0.0,0.0,0.0
391,India,Jul/2015,7_to_12_month,1339.0,336335.0,0.0,0.0,0.0,0.0,2105.0,174741.0,0.0,0.0,0.0,0.0
392,India,Aug/2015,same_month,1325.0,308230.0,157.0,157.0,114296.0,114296.0,2575.0,158385.0,1525.0,1525.0,304758.0,304758.0
393,India,Aug/2015,1_month,1325.0,308230.0,100.0,214.0,53326.0,167622.0,2575.0,158385.0,258.0,1606.0,83461.0,388219.0
394,India,Aug/2015,2_month,1325.0,308230.0,79.0,237.0,36983.0,204605.0,2575.0,158385.0,150.0,1625.0,60156.0,448375.0
395,India,Aug/2015,3_month,1325.0,308230.0,64.0,245.0,38581.0,243186.0,2575.0,158385.0,105.0,1633.0,48984.0,497359.0
396,India,Aug/2015,4_month,1325.0,308230.0,39.0,251.0,15865.0,259051.0,2575.0,158385.0,76.0,1640.0,23940.0,521299.0
397,India,Aug/2015,5_month,1325.0,308230.0,0.0,0.0,0.0,0.0,2575.0,158385.0,0.0,0.0,0.0,0.0
398,India,Aug/2015,6_month,1325.0,308230.0,0.0,0.0,0.0,0.0,2575.0,158385.0,0.0,0.0,0.0,0.0
399,India,Aug/2015,7_to_12_month,1325.0,308230.0,0.0,0.0,0.0,0.0,2575.0,158385.0,0.0,0.0,0.0,0.0
400,India,Sep/2015,same_month,1458.0,348967.0,179.0,179.0,106775.0,106775.0,2179.0,176122.0,1814.0,1814.0,382651.0,382651.0
401,India,Sep/2015,1_month,1458.0,348967.0,138.0,264.0,104860.0,211635.0,2179.0,176122.0,227.0,1851.0,92227.0,474878.0
402,India,Sep/2015,2_month,1458.0,348967.0,101.0,285.0,64267.0,275902.0,2179.0,176122.0,158.0,1859.0,64858.0,539736.0
403,India,Sep/2015,3_month,1458.0,348967.0,46.0,293.0,26711.0,302613.0,2179.0,176122.0,76.0,1861.0,30134.0,569870.0
404,India,Sep/2015,4_month,1458.0,348967.0,0.0,0.0,0.0,0.0,2179.0,176122.0,0.0,0.0,0.0,0.0
405,India,Sep/2015,5_month,1458.0,348967.0,0.0,0.0,0.0,0.0,2179.0,176122.0,0.0,0.0,0.0,0.0
406,India,Sep/2015,6_month,1458.0,348967.0,0.0,0.0,0.0,0.0,2179.0,176122.0,0.0,0.0,0.0,0.0
407,India,Sep/2015,7_to_12_month,1458.0,348967.0,0.0,0.0,0.0,0.0,2179.0,176122.0,0.0,0.0,0.0,0.0
408,India,Oct/2015,same_month,1600.0,466567.0,117.0,117.0,109044.0,109044.0,3788.0,281301.0,3249.0,3249.0,479630.0,479630.0
409,India,Oct/2015,1_month,1600.0,466567.0,136.0,208.0,72698.0,181742.0,3788.0,281301.0,344.0,3306.0,114673.0,594303.0
410,India,Oct/2015,2_month,1600.0,466567.0,84.0,234.0,55465.0,237207.0,3788.0,281301.0,188.0,3322.0,64222.0,658525.0
411,India,Oct/2015,3_month,1600.0,466567.0,0.0,0.0,0.0,0.0,3788.0,281301.0,0.0,0.0,0.0,0.0
412,India,Oct/2015,4_month,1600.0,466567.0,0.0,0.0,0.0,0.0,3788.0,281301.0,0.0,0.0,0.0,0.0
413,India,Oct/2015,5_month,1600.0,466567.0,0.0,0.0,0.0,0.0,3788.0,281301.0,0.0,0.0,0.0,0.0
414,India,Oct/2015,6_month,1600.0,466567.0,0.0,0.0,0.0,0.0,3788.0,281301.0,0.0,0.0,0.0,0.0
415,India,Oct/2015,7_to_12_month,1600.0,466567.0,0.0,0.0,0.0,0.0,3788.0,281301.0,0.0,0.0,0.0,0.0
416,India,Nov/2015,same_month,1441.0,307765.0,357.0,357.0,167314.0,167314.0,3062.0,264400.0,1902.0,1902.0,338634.0,338634.0
417,India,Nov/2015,1_month,1441.0,307765.0,112.0,424.0,71346.0,238660.0,3062.0,264400.0,212.0,1961.0,82645.0,421279.0
418,India,Nov/2015,2_month,1441.0,307765.0,0.0,0.0,0.0,0.0,3062.0,264400.0,0.0,0.0,0.0,0.0
419,India,Nov/2015,3_month,1441.0,307765.0,0.0,0.0,0.0,0.0,3062.0,264400.0,0.0,0.0,0.0,0.0
420,India,Nov/2015,4_month,1441.0,307765.0,0.0,0.0,0.0,0.0,3062.0,264400.0,0.0,0.0,0.0,0.0
421,India,Nov/2015,5_month,1441.0,307765.0,0.0,0.0,0.0,0.0,3062.0,264400.0,0.0,0.0,0.0,0.0
422,India,Nov/2015,6_month,1441.0,307765.0,0.0,0.0,0.0,0.0,3062.0,264400.0,0.0,0.0,0.0,0.0
423,India,Nov/2015,7_to_12_month,1441.0,307765.0,0.0,0.0,0.0,0.0,3062.0,264400.0,0.0,0.0,0.0,0.0
424,India,Dec/2015,same_month,1155.0,343518.0,522.0,522.0,253110.0,253110.0,3111.0,340830.0,1048.0,1048.0,277153.0,277153.0
425,India,Dec/2015,1_month,1155.0,343518.0,0.0,0.0,0.0,0.0,3111.0,340830.0,0.0,0.0,0.0,0.0
426,India,Dec/2015,2_month,1155.0,343518.0,0.0,0.0,0.0,0.0,3111.0,340830.0,0.0,0.0,0.0,0.0
427,India,Dec/2015,3_month,1155.0,343518.0,0.0,0.0,0.0,0.0,3111.0,340830.0,0.0,0.0,0.0,0.0
428,India,Dec/2015,4_month,1155.0,343518.0,0.0,0.0,0.0,0.0,3111.0,340830.0,0.0,0.0,0.0,0.0
429,India,Dec/2015,5_month,1155.0,343518.0,0.0,0.0,0.0,0.0,3111.0,340830.0,0.0,0.0,0.0,0.0
430,India,Dec/2015,6_month,1155.0,343518.0,0.0,0.0,0.0,0.0,3111.0,340830.0,0.0,0.0,0.0,0.0
431,India,Dec/2015,7_to_12_month,1155.0,343518.0,0.0,0.0,0.0,0.0,3111.0,340830.0,0.0,0.0,0.0,0.0
432,Malaysia + Singapore,Apr/2015,same_month,322.0,61373.0,213.0,213.0,93871.0,93871.0,1048.0,39486.0,630.0,630.0,83771.0,83771.0
433,Malaysia + Singapore,Apr/2015,1_month,322.0,61373.0,52.0,222.0,25116.0,118987.0,1048.0,39486.0,214.0,709.0,26819.0,110590.0
434,Malaysia + Singapore,Apr/2015,2_month,322.0,61373.0,31.0,226.0,25859.0,144846.0,1048.0,39486.0,138.0,734.0,22699.0,133289.0
435,Malaysia + Singapore,Apr/2015,3_month,322.0,61373.0,12.0,226.0,12922.0,157768.0,1048.0,39486.0,66.0,740.0,11351.0,144640.0
436,Malaysia + Singapore,Apr/2015,4_month,322.0,61373.0,17.0,226.0,25461.0,183229.0,1048.0,39486.0,86.0,746.0,20252.0,164892.0
437,Malaysia + Singapore,Apr/2015,5_month,322.0,61373.0,14.0,226.0,21606.0,204835.0,1048.0,39486.0,64.0,749.0,13483.0,178375.0
438,Malaysia + Singapore,Apr/2015,6_month,322.0,61373.0,26.0,226.0,61142.0,265977.0,1048.0,39486.0,196.0,775.0,60697.0,239072.0
439,Malaysia + Singapore,Apr/2015,7_to_12_month,322.0,61373.0,27.0,227.0,81663.0,347640.0,1048.0,39486.0,197.0,782.0,89524.0,328596.0
440,Malaysia + Singapore,May/2015,same_month,477.0,92778.0,142.0,142.0,56800.0,56800.0,1159.0,55943.0,918.0,918.0,114585.0,114585.0
441,Malaysia + Singapore,May/2015,1_month,477.0,92778.0,35.0,151.0,29142.0,85942.0,1159.0,55943.0,79.0,932.0,18472.0,133057.0
442,Malaysia + Singapore,May/2015,2_month,477.0,92778.0,13.0,155.0,17499.0,103441.0,1159.0,55943.0,19.0,932.0,2137.0,135194.0
443,Malaysia + Singapore,May/2015,3_month,477.0,92778.0,16.0,160.0,17565.0,121006.0,1159.0,55943.0,23.0,935.0,4231.0,139425.0
444,Malaysia + Singapore,May/2015,4_month,477.0,92778.0,25.0,170.0,15422.0,136428.0,1159.0,55943.0,46.0,939.0,5181.0,144606.0
445,Malaysia + Singapore,May/2015,5_month,477.0,92778.0,17.0,172.0,23484.0,159912.0,1159.0,55943.0,57.0,946.0,11172.0,155778.0
446,Malaysia + Singapore,May/2015,6_month,477.0,92778.0,13.0,172.0,22236.0,182148.0,1159.0,55943.0,35.0,946.0,7910.0,163688.0
447,Malaysia + Singapore,May/2015,7_to_12_month,477.0,92778.0,8.0,172.0,19473.0,201621.0,1159.0,55943.0,29.0,947.0,7356.0,171044.0
448,Malaysia + Singapore,Jun/2015,same_month,523.0,238554.0,63.0,63.0,22397.0,22397.0,1616.0,126131.0,1443.0,1443.0,245055.0,245055.0
449,Malaysia + Singapore,Jun/2015,1_month,523.0,238554.0,8.0,67.0,2261.0,24658.0,1616.0,126131.0,50.0,1449.0,7355.0,252410.0
450,Malaysia + Singapore,Jun/2015,2_month,523.0,238554.0,6.0,68.0,2219.0,26877.0,1616.0,126131.0,25.0,1451.0,3724.0,256134.0
451,Malaysia + Singapore,Jun/2015,3_month,523.0,238554.0,5.0,70.0,2160.0,29037.0,1616.0,126131.0,15.0,1451.0,2736.0,258870.0
452,Malaysia + Singapore,Jun/2015,4_month,523.0,238554.0,5.0,71.0,3853.0,32890.0,1616.0,126131.0,27.0,1454.0,5465.0,264335.0
453,Malaysia + Singapore,Jun/2015,5_month,523.0,238554.0,2.0,71.0,3278.0,36168.0,1616.0,126131.0,22.0,1454.0,5443.0,269778.0
454,Malaysia + Singapore,Jun/2015,6_month,523.0,238554.0,4.0,72.0,2985.0,39153.0,1616.0,126131.0,19.0,1454.0,3428.0,273206.0
455,Malaysia + Singapore,Jun/2015,7_to_12_month,523.0,238554.0,0.0,0.0,0.0,0.0,1616.0,126131.0,0.0,0.0,0.0,0.0
456,Malaysia + Singapore,Jul/2015,same_month,324.0,201535.0,21.0,21.0,14072.0,14072.0,1194.0,106911.0,1148.0,1148.0,209768.0,209768.0
457,Malaysia + Singapore,Jul/2015,1_month,324.0,201535.0,3.0,23.0,1022.0,15094.0,1194.0,106911.0,33.0,1151.0,5894.0,215662.0
458,Malaysia + Singapore,Jul/2015,2_month,324.0,201535.0,2.0,25.0,1199.0,16293.0,1194.0,106911.0,13.0,1154.0,1993.0,217655.0
459,Malaysia + Singapore,Jul/2015,3_month,324.0,201535.0,4.0,27.0,1095.0,17388.0,1194.0,106911.0,15.0,1155.0,3563.0,221218.0
460,Malaysia + Singapore,Jul/2015,4_month,324.0,201535.0,3.0,28.0,371.0,17759.0,1194.0,106911.0,21.0,1156.0,5293.0,226511.0
461,Malaysia + Singapore,Jul/2015,5_month,324.0,201535.0,3.0,29.0,3010.0,20769.0,1194.0,106911.0,9.0,1157.0,2118.0,228629.0
462,Malaysia + Singapore,Jul/2015,6_month,324.0,201535.0,0.0,0.0,0.0,0.0,1194.0,106911.0,0.0,0.0,0.0,0.0
463,Malaysia + Singapore,Jul/2015,7_to_12_month,324.0,201535.0,0.0,0.0,0.0,0.0,1194.0,106911.0,0.0,0.0,0.0,0.0
464,Malaysia + Singapore,Aug/2015,same_month,311.0,110138.0,41.0,41.0,21535.0,21535.0,910.0,61229.0,829.0,829.0,111525.0,111525.0
465,Malaysia + Singapore,Aug/2015,1_month,311.0,110138.0,23.0,54.0,7491.0,29026.0,910.0,61229.0,47.0,844.0,4342.0,115867.0
466,Malaysia + Singapore,Aug/2015,2_month,311.0,110138.0,16.0,57.0,8199.0,37225.0,910.0,61229.0,60.0,846.0,11468.0,127335.0
467,Malaysia + Singapore,Aug/2015,3_month,311.0,110138.0,12.0,57.0,7367.0,44592.0,910.0,61229.0,43.0,849.0,14524.0,141859.0
468,Malaysia + Singapore,Aug/2015,4_month,311.0,110138.0,15.0,59.0,10572.0,55164.0,910.0,61229.0,32.0,851.0,10557.0,152416.0
469,Malaysia + Singapore,Aug/2015,5_month,311.0,110138.0,0.0,0.0,0.0,0.0,910.0,61229.0,0.0,0.0,0.0,0.0
470,Malaysia + Singapore,Aug/2015,6_month,311.0,110138.0,0.0,0.0,0.0,0.0,910.0,61229.0,0.0,0.0,0.0,0.0
471,Malaysia + Singapore,Aug/2015,7_to_12_month,311.0,110138.0,0.0,0.0,0.0,0.0,910.0,61229.0,0.0,0.0,0.0,0.0
472,Malaysia + Singapore,Sep/2015,same_month,660.0,181980.0,95.0,95.0,44482.0,44482.0,1667.0,120784.0,1408.0,1408.0,195714.0,195714.0
473,Malaysia + Singapore,Sep/2015,1_month,660.0,181980.0,18.0,106.0,14005.0,58487.0,1667.0,120784.0,52.0,1417.0,14518.0,210232.0
474,Malaysia + Singapore,Sep/2015,2_month,660.0,181980.0,7.0,108.0,9789.0,68276.0,1667.0,120784.0,28.0,1419.0,7660.0,217892.0
475,Malaysia + Singapore,Sep/2015,3_month,660.0,181980.0,13.0,114.0,15571.0,83847.0,1667.0,120784.0,35.0,1424.0,8504.0,226396.0
476,Malaysia + Singapore,Sep/2015,4_month,660.0,181980.0,0.0,0.0,0.0,0.0,1667.0,120784.0,0.0,0.0,0.0,0.0
477,Malaysia + Singapore,Sep/2015,5_month,660.0,181980.0,0.0,0.0,0.0,0.0,1667.0,120784.0,0.0,0.0,0.0,0.0
478,Malaysia + Singapore,Sep/2015,6_month,660.0,181980.0,0.0,0.0,0.0,0.0,1667.0,120784.0,0.0,0.0,0.0,0.0
479,Malaysia + Singapore,Sep/2015,7_to_12_month,660.0,181980.0,0.0,0.0,0.0,0.0,1667.0,120784.0,0.0,0.0,0.0,0.0
480,Malaysia + Singapore,Oct/2015,same_month,473.0,71058.0,90.0,90.0,80334.0,80334.0,1346.0,45072.0,1176.0,1176.0,79479.0,79479.0
481,Malaysia + Singapore,Oct/2015,1_month,473.0,71058.0,56.0,106.0,85979.0,166313.0,1346.0,45072.0,134.0,1195.0,40237.0,119716.0
482,Malaysia + Singapore,Oct/2015,2_month,473.0,71058.0,41.0,112.0,53208.0,219521.0,1346.0,45072.0,108.0,1205.0,28131.0,147847.0
483,Malaysia + Singapore,Oct/2015,3_month,473.0,71058.0,0.0,0.0,0.0,0.0,1346.0,45072.0,0.0,0.0,0.0,0.0
484,Malaysia + Singapore,Oct/2015,4_month,473.0,71058.0,0.0,0.0,0.0,0.0,1346.0,45072.0,0.0,0.0,0.0,0.0
485,Malaysia + Singapore,Oct/2015,5_month,473.0,71058.0,0.0,0.0,0.0,0.0,1346.0,45072.0,0.0,0.0,0.0,0.0
486,Malaysia + Singapore,Oct/2015,6_month,473.0,71058.0,0.0,0.0,0.0,0.0,1346.0,45072.0,0.0,0.0,0.0,0.0
487,Malaysia + Singapore,Oct/2015,7_to_12_month,473.0,71058.0,0.0,0.0,0.0,0.0,1346.0,45072.0,0.0,0.0,0.0,0.0
488,Malaysia + Singapore,Nov/2015,same_month,368.0,79405.0,41.0,41.0,31406.0,31406.0,1086.0,61454.0,938.0,938.0,84578.0,84578.0
489,Malaysia + Singapore,Nov/2015,1_month,368.0,79405.0,34.0,58.0,20913.0,52319.0,1086.0,61454.0,95.0,956.0,38956.0,123534.0
490,Malaysia + Singapore,Nov/2015,2_month,368.0,79405.0,0.0,0.0,0.0,0.0,1086.0,61454.0,0.0,0.0,0.0,0.0
491,Malaysia + Singapore,Nov/2015,3_month,368.0,79405.0,0.0,0.0,0.0,0.0,1086.0,61454.0,0.0,0.0,0.0,0.0
492,Malaysia + Singapore,Nov/2015,4_month,368.0,79405.0,0.0,0.0,0.0,0.0,1086.0,61454.0,0.0,0.0,0.0,0.0
493,Malaysia + Singapore,Nov/2015,5_month,368.0,79405.0,0.0,0.0,0.0,0.0,1086.0,61454.0,0.0,0.0,0.0,0.0
494,Malaysia + Singapore,Nov/2015,6_month,368.0,79405.0,0.0,0.0,0.0,0.0,1086.0,61454.0,0.0,0.0,0.0,0.0
495,Malaysia + Singapore,Nov/2015,7_to_12_month,368.0,79405.0,0.0,0.0,0.0,0.0,1086.0,61454.0,0.0,0.0,0.0,0.0
496,Malaysia + Singapore,Dec/2015,same_month,196.0,61956.0,41.0,41.0,28810.0,28810.0,533.0,53495.0,424.0,424.0,59880.0,59880.0
497,Malaysia + Singapore,Dec/2015,1_month,196.0,61956.0,0.0,0.0,0.0,0.0,533.0,53495.0,0.0,0.0,0.0,0.0
498,Malaysia + Singapore,Dec/2015,2_month,196.0,61956.0,0.0,0.0,0.0,0.0,533.0,53495.0,0.0,0.0,0.0,0.0
499,Malaysia + Singapore,Dec/2015,3_month,196.0,61956.0,0.0,0.0,0.0,0.0,533.0,53495.0,0.0,0.0,0.0,0.0
500,Malaysia + Singapore,Dec/2015,4_month,196.0,61956.0,0.0,0.0,0.0,0.0,533.0,53495.0,0.0,0.0,0.0,0.0
501,Malaysia + Singapore,Dec/2015,5_month,196.0,61956.0,0.0,0.0,0.0,0.0,533.0,53495.0,0.0,0.0,0.0,0.0
502,Malaysia + Singapore,Dec/2015,6_month,196.0,61956.0,0.0,0.0,0.0,0.0,533.0,53495.0,0.0,0.0,0.0,0.0
503,Malaysia + Singapore,Dec/2015,7_to_12_month,196.0,61956.0,0.0,0.0,0.0,0.0,533.0,53495.0,0.0,0.0,0.0,0.0
504,Mexico,Apr/2015,same_month,41.0,10981.0,11.0,11.0,9734.0,9734.0,69.0,8041.0,35.0,35.0,8692.0,8692.0
505,Mexico,Apr/2015,1_month,41.0,10981.0,3.0,11.0,6383.0,16117.0,69.0,8041.0,23.0,41.0,6869.0,15561.0
506,Mexico,Apr/2015,2_month,41.0,10981.0,3.0,11.0,135.0,16252.0,69.0,8041.0,11.0,44.0,925.0,16486.0
507,Mexico,Apr/2015,3_month,41.0,10981.0,2.0,11.0,389.0,16641.0,69.0,8041.0,6.0,44.0,1261.0,17747.0
508,Mexico,Apr/2015,4_month,41.0,10981.0,0.0,11.0,0.0,16641.0,69.0,8041.0,3.0,44.0,932.0,18679.0
509,Mexico,Apr/2015,5_month,41.0,10981.0,0.0,11.0,0.0,16641.0,69.0,8041.0,2.0,44.0,724.0,19403.0
510,Mexico,Apr/2015,6_month,41.0,10981.0,1.0,11.0,72.0,16713.0,69.0,8041.0,2.0,44.0,1083.0,20486.0
511,Mexico,Apr/2015,7_to_12_month,41.0,10981.0,0.0,11.0,0.0,16713.0,69.0,8041.0,2.0,44.0,1790.0,22276.0
512,Mexico,May/2015,same_month,44.0,46321.0,21.0,21.0,22845.0,22845.0,77.0,8739.0,55.0,55.0,71639.0,71639.0
513,Mexico,May/2015,1_month,44.0,46321.0,12.0,25.0,33784.0,56629.0,77.0,8739.0,24.0,57.0,26762.0,98401.0
514,Mexico,May/2015,2_month,44.0,46321.0,8.0,26.0,1945.0,58574.0,77.0,8739.0,16.0,58.0,14823.0,113224.0
515,Mexico,May/2015,3_month,44.0,46321.0,9.0,26.0,20311.0,78885.0,77.0,8739.0,12.0,59.0,12590.0,125814.0
516,Mexico,May/2015,4_month,44.0,46321.0,6.0,26.0,13943.0,92828.0,77.0,8739.0,9.0,60.0,17638.0,143452.0
517,Mexico,May/2015,5_month,44.0,46321.0,7.0,26.0,17671.0,110499.0,77.0,8739.0,8.0,60.0,14590.0,158042.0
518,Mexico,May/2015,6_month,44.0,46321.0,2.0,26.0,8524.0,119023.0,77.0,8739.0,9.0,61.0,17137.0,175179.0
519,Mexico,May/2015,7_to_12_month,44.0,46321.0,3.0,26.0,6238.0,125261.0,77.0,8739.0,8.0,61.0,13874.0,189053.0
520,Mexico,Jun/2015,same_month,36.0,12728.0,3.0,3.0,4874.0,4874.0,69.0,4066.0,41.0,41.0,29874.0,29874.0
521,Mexico,Jun/2015,1_month,36.0,12728.0,6.0,7.0,26570.0,31444.0,69.0,4066.0,19.0,47.0,10220.0,40094.0
522,Mexico,Jun/2015,2_month,36.0,12728.0,3.0,7.0,7149.0,38593.0,69.0,4066.0,16.0,47.0,16996.0,57090.0
523,Mexico,Jun/2015,3_month,36.0,12728.0,3.0,8.0,4665.0,43258.0,69.0,4066.0,13.0,47.0,27571.0,84661.0
524,Mexico,Jun/2015,4_month,36.0,12728.0,4.0,8.0,28562.0,71820.0,69.0,4066.0,11.0,47.0,20240.0,104901.0
525,Mexico,Jun/2015,5_month,36.0,12728.0,2.0,8.0,7716.0,79536.0,69.0,4066.0,11.0,47.0,21587.0,126488.0
526,Mexico,Jun/2015,6_month,36.0,12728.0,4.0,8.0,6929.0,86465.0,69.0,4066.0,12.0,47.0,17049.0,143537.0
527,Mexico,Jun/2015,7_to_12_month,36.0,12728.0,0.0,0.0,0.0,0.0,69.0,4066.0,0.0,0.0,0.0,0.0
528,Mexico,Jul/2015,same_month,52.0,31301.0,4.0,4.0,27754.0,27754.0,106.0,4733.0,71.0,71.0,10348.0,10348.0
529,Mexico,Jul/2015,1_month,52.0,31301.0,17.0,20.0,7472.0,35226.0,106.0,4733.0,50.0,77.0,18545.0,28893.0
530,Mexico,Jul/2015,2_month,52.0,31301.0,17.0,22.0,52270.0,87496.0,106.0,4733.0,38.0,78.0,16816.0,45709.0
531,Mexico,Jul/2015,3_month,52.0,31301.0,10.0,22.0,18811.0,106307.0,106.0,4733.0,26.0,78.0,21092.0,66801.0
532,Mexico,Jul/2015,4_month,52.0,31301.0,7.0,22.0,24689.0,130996.0,106.0,4733.0,22.0,78.0,17968.0,84769.0
533,Mexico,Jul/2015,5_month,52.0,31301.0,5.0,22.0,5210.0,136206.0,106.0,4733.0,19.0,78.0,16224.0,100993.0
534,Mexico,Jul/2015,6_month,52.0,31301.0,0.0,0.0,0.0,0.0,106.0,4733.0,0.0,0.0,0.0,0.0
535,Mexico,Jul/2015,7_to_12_month,52.0,31301.0,0.0,0.0,0.0,0.0,106.0,4733.0,0.0,0.0,0.0,0.0
536,Mexico,Aug/2015,same_month,99.0,54041.0,38.0,38.0,60048.0,60048.0,208.0,10619.0,135.0,135.0,75328.0,75328.0
537,Mexico,Aug/2015,1_month,99.0,54041.0,28.0,50.0,30192.0,90240.0,208.0,10619.0,78.0,147.0,52800.0,128128.0
538,Mexico,Aug/2015,2_month,99.0,54041.0,20.0,52.0,59671.0,149911.0,208.0,10619.0,60.0,150.0,55159.0,183287.0
539,Mexico,Aug/2015,3_month,99.0,54041.0,17.0,53.0,51552.0,201463.0,208.0,10619.0,50.0,150.0,57950.0,241237.0
540,Mexico,Aug/2015,4_month,99.0,54041.0,13.0,54.0,31198.0,232661.0,208.0,10619.0,42.0,150.0,43324.0,284561.0
541,Mexico,Aug/2015,5_month,99.0,54041.0,0.0,0.0,0.0,0.0,208.0,10619.0,0.0,0.0,0.0,0.0
542,Mexico,Aug/2015,6_month,99.0,54041.0,0.0,0.0,0.0,0.0,208.0,10619.0,0.0,0.0,0.0,0.0
543,Mexico,Aug/2015,7_to_12_month,99.0,54041.0,0.0,0.0,0.0,0.0,208.0,10619.0,0.0,0.0,0.0,0.0
544,Mexico,Sep/2015,same_month,57.0,46070.0,22.0,22.0,82049.0,82049.0,150.0,13907.0,91.0,91.0,32564.0,32564.0
545,Mexico,Sep/2015,1_month,57.0,46070.0,12.0,25.0,14653.0,96702.0,150.0,13907.0,55.0,100.0,44116.0,76680.0
546,Mexico,Sep/2015,2_month,57.0,46070.0,9.0,27.0,24087.0,120789.0,150.0,13907.0,44.0,104.0,30381.0,107061.0
547,Mexico,Sep/2015,3_month,57.0,46070.0,7.0,28.0,8636.0,129425.0,150.0,13907.0,32.0,104.0,18615.0,125676.0
548,Mexico,Sep/2015,4_month,57.0,46070.0,0.0,0.0,0.0,0.0,150.0,13907.0,0.0,0.0,0.0,0.0
549,Mexico,Sep/2015,5_month,57.0,46070.0,0.0,0.0,0.0,0.0,150.0,13907.0,0.0,0.0,0.0,0.0
550,Mexico,Sep/2015,6_month,57.0,46070.0,0.0,0.0,0.0,0.0,150.0,13907.0,0.0,0.0,0.0,0.0
551,Mexico,Sep/2015,7_to_12_month,57.0,46070.0,0.0,0.0,0.0,0.0,150.0,13907.0,0.0,0.0,0.0,0.0
552,Mexico,Oct/2015,same_month,66.0,44820.0,22.0,22.0,15810.0,15810.0,216.0,23287.0,153.0,153.0,93837.0,93837.0
553,Mexico,Oct/2015,1_month,66.0,44820.0,23.0,32.0,58346.0,74156.0,216.0,23287.0,87.0,160.0,74694.0,168531.0
554,Mexico,Oct/2015,2_month,66.0,44820.0,17.0,35.0,52595.0,126751.0,216.0,23287.0,54.0,163.0,57965.0,226496.0
555,Mexico,Oct/2015,3_month,66.0,44820.0,0.0,0.0,0.0,0.0,216.0,23287.0,0.0,0.0,0.0,0.0
556,Mexico,Oct/2015,4_month,66.0,44820.0,0.0,0.0,0.0,0.0,216.0,23287.0,0.0,0.0,0.0,0.0
557,Mexico,Oct/2015,5_month,66.0,44820.0,0.0,0.0,0.0,0.0,216.0,23287.0,0.0,0.0,0.0,0.0
558,Mexico,Oct/2015,6_month,66.0,44820.0,0.0,0.0,0.0,0.0,216.0,23287.0,0.0,0.0,0.0,0.0
559,Mexico,Oct/2015,7_to_12_month,66.0,44820.0,0.0,0.0,0.0,0.0,216.0,23287.0,0.0,0.0,0.0,0.0
560,Mexico,Nov/2015,same_month,72.0,43000.0,23.0,23.0,44801.0,44801.0,254.0,33249.0,163.0,163.0,83984.0,83984.0
561,Mexico,Nov/2015,1_month,72.0,43000.0,25.0,29.0,96933.0,141734.0,254.0,33249.0,108.0,176.0,103786.0,187770.0
562,Mexico,Nov/2015,2_month,72.0,43000.0,0.0,0.0,0.0,0.0,254.0,33249.0,0.0,0.0,0.0,0.0
563,Mexico,Nov/2015,3_month,72.0,43000.0,0.0,0.0,0.0,0.0,254.0,33249.0,0.0,0.0,0.0,0.0
564,Mexico,Nov/2015,4_month,72.0,43000.0,0.0,0.0,0.0,0.0,254.0,33249.0,0.0,0.0,0.0,0.0
565,Mexico,Nov/2015,5_month,72.0,43000.0,0.0,0.0,0.0,0.0,254.0,33249.0,0.0,0.0,0.0,0.0
566,Mexico,Nov/2015,6_month,72.0,43000.0,0.0,0.0,0.0,0.0,254.0,33249.0,0.0,0.0,0.0,0.0
567,Mexico,Nov/2015,7_to_12_month,72.0,43000.0,0.0,0.0,0.0,0.0,254.0,33249.0,0.0,0.0,0.0,0.0
568,Mexico,Dec/2015,same_month,70.0,33225.0,19.0,19.0,54966.0,54966.0,196.0,36560.0,108.0,108.0,99108.0,99108.0
569,Mexico,Dec/2015,1_month,70.0,33225.0,0.0,0.0,0.0,0.0,196.0,36560.0,0.0,0.0,0.0,0.0
570,Mexico,Dec/2015,2_month,70.0,33225.0,0.0,0.0,0.0,0.0,196.0,36560.0,0.0,0.0,0.0,0.0
571,Mexico,Dec/2015,3_month,70.0,33225.0,0.0,0.0,0.0,0.0,196.0,36560.0,0.0,0.0,0.0,0.0
572,Mexico,Dec/2015,4_month,70.0,33225.0,0.0,0.0,0.0,0.0,196.0,36560.0,0.0,0.0,0.0,0.0
573,Mexico,Dec/2015,5_month,70.0,33225.0,0.0,0.0,0.0,0.0,196.0,36560.0,0.0,0.0,0.0,0.0
574,Mexico,Dec/2015,6_month,70.0,33225.0,0.0,0.0,0.0,0.0,196.0,36560.0,0.0,0.0,0.0,0.0
575,Mexico,Dec/2015,7_to_12_month,70.0,33225.0,0.0,0.0,0.0,0.0,196.0,36560.0,0.0,0.0,0.0,0.0
576,Pakistan,Apr/2015,same_month,153.0,73250.0,49.0,49.0,46141.0,46141.0,236.0,17784.0,131.0,131.0,93431.0,93431.0
577,Pakistan,Apr/2015,1_month,153.0,73250.0,10.0,55.0,13152.0,59293.0,236.0,17784.0,21.0,136.0,28405.0,121836.0
578,Pakistan,Apr/2015,2_month,153.0,73250.0,6.0,59.0,10179.0,69472.0,236.0,17784.0,4.0,137.0,1613.0,123449.0
579,Pakistan,Apr/2015,3_month,153.0,73250.0,10.0,67.0,7950.0,77422.0,236.0,17784.0,12.0,143.0,5870.0,129319.0
580,Pakistan,Apr/2015,4_month,153.0,73250.0,4.0,68.0,4252.0,81674.0,236.0,17784.0,9.0,144.0,6267.0,135586.0
581,Pakistan,Apr/2015,5_month,153.0,73250.0,3.0,68.0,1362.0,83036.0,236.0,17784.0,8.0,146.0,1072.0,136658.0
582,Pakistan,Apr/2015,6_month,153.0,73250.0,2.0,68.0,2825.0,85861.0,236.0,17784.0,9.0,147.0,2900.0,139558.0
583,Pakistan,Apr/2015,7_to_12_month,153.0,73250.0,1.0,68.0,114.0,85975.0,236.0,17784.0,5.0,147.0,7575.0,147133.0
584,Pakistan,May/2015,same_month,131.0,54134.0,23.0,23.0,7764.0,7764.0,131.0,8777.0,78.0,78.0,59767.0,59767.0
585,Pakistan,May/2015,1_month,131.0,54134.0,10.0,28.0,24758.0,32522.0,131.0,8777.0,15.0,83.0,37128.0,96895.0
586,Pakistan,May/2015,2_month,131.0,54134.0,8.0,30.0,19759.0,52281.0,131.0,8777.0,11.0,84.0,28655.0,125550.0
587,Pakistan,May/2015,3_month,131.0,54134.0,4.0,31.0,3300.0,55581.0,131.0,8777.0,5.0,84.0,4720.0,130270.0
588,Pakistan,May/2015,4_month,131.0,54134.0,3.0,31.0,320.0,55901.0,131.0,8777.0,9.0,85.0,1198.0,131468.0
589,Pakistan,May/2015,5_month,131.0,54134.0,0.0,31.0,0.0,55901.0,131.0,8777.0,7.0,86.0,2873.0,134341.0
590,Pakistan,May/2015,6_month,131.0,54134.0,0.0,31.0,0.0,55901.0,131.0,8777.0,5.0,86.0,2231.0,136572.0
591,Pakistan,May/2015,7_to_12_month,131.0,54134.0,1e-06,31.0,1e-06,55901.0,131.0,8777.0,2.0,86.0,1055.0,137627.0
592,Pakistan,Jun/2015,same_month,133.0,165364.0,16.0,16.0,51112.0,51112.0,142.0,39845.0,67.0,67.0,129777.0,129777.0
593,Pakistan,Jun/2015,1_month,133.0,165364.0,16.0,27.0,24826.0,75938.0,142.0,39845.0,30.0,76.0,37063.0,166840.0
594,Pakistan,Jun/2015,2_month,133.0,165364.0,11.0,32.0,14559.0,90497.0,142.0,39845.0,21.0,83.0,18118.0,184958.0
595,Pakistan,Jun/2015,3_month,133.0,165364.0,7.0,35.0,4193.0,94690.0,142.0,39845.0,14.0,84.0,14758.0,199716.0
596,Pakistan,Jun/2015,4_month,133.0,165364.0,12.0,42.0,9520.0,104210.0,142.0,39845.0,12.0,85.0,12450.0,212166.0
597,Pakistan,Jun/2015,5_month,133.0,165364.0,5.0,43.0,9890.0,114100.0,142.0,39845.0,7.0,85.0,8944.0,221110.0
598,Pakistan,Jun/2015,6_month,133.0,165364.0,5.0,45.0,7305.0,121405.0,142.0,39845.0,13.0,86.0,13470.0,234580.0
599,Pakistan,Jun/2015,7_to_12_month,133.0,165364.0,0.0,0.0,0.0,0.0,142.0,39845.0,0.0,0.0,0.0,0.0
600,Pakistan,Jul/2015,same_month,243.0,196065.0,69.0,69.0,139731.0,139731.0,396.0,84371.0,204.0,204.0,192022.0,192022.0
601,Pakistan,Jul/2015,1_month,243.0,196065.0,44.0,89.0,41517.0,181248.0,396.0,84371.0,78.0,225.0,60671.0,252693.0
602,Pakistan,Jul/2015,2_month,243.0,196065.0,27.0,96.0,24350.0,205598.0,396.0,84371.0,57.0,235.0,24862.0,277555.0
603,Pakistan,Jul/2015,3_month,243.0,196065.0,19.0,101.0,17826.0,223424.0,396.0,84371.0,38.0,238.0,16275.0,293830.0
604,Pakistan,Jul/2015,4_month,243.0,196065.0,10.0,104.0,13775.0,237199.0,396.0,84371.0,21.0,241.0,15744.0,309574.0
605,Pakistan,Jul/2015,5_month,243.0,196065.0,15.0,107.0,16900.0,254099.0,396.0,84371.0,30.0,244.0,23312.0,332886.0
606,Pakistan,Jul/2015,6_month,243.0,196065.0,0.0,0.0,0.0,0.0,396.0,84371.0,0.0,0.0,0.0,0.0
607,Pakistan,Jul/2015,7_to_12_month,243.0,196065.0,0.0,0.0,0.0,0.0,396.0,84371.0,0.0,0.0,0.0,0.0
608,Pakistan,Aug/2015,same_month,341.0,282498.0,108.0,108.0,231451.0,231451.0,495.0,178800.0,210.0,210.0,295367.0,295367.0
609,Pakistan,Aug/2015,1_month,341.0,282498.0,54.0,125.0,21231.0,252682.0,495.0,178800.0,96.0,233.0,68638.0,364005.0
610,Pakistan,Aug/2015,2_month,341.0,282498.0,26.0,134.0,12879.0,265561.0,495.0,178800.0,70.0,243.0,43788.0,407793.0
611,Pakistan,Aug/2015,3_month,341.0,282498.0,13.0,137.0,22442.0,288003.0,495.0,178800.0,62.0,250.0,34092.0,441885.0
612,Pakistan,Aug/2015,4_month,341.0,282498.0,14.0,138.0,21223.0,309226.0,495.0,178800.0,39.0,252.0,22343.0,464228.0
613,Pakistan,Aug/2015,5_month,341.0,282498.0,0.0,0.0,0.0,0.0,495.0,178800.0,0.0,0.0,0.0,0.0
614,Pakistan,Aug/2015,6_month,341.0,282498.0,0.0,0.0,0.0,0.0,495.0,178800.0,0.0,0.0,0.0,0.0
615,Pakistan,Aug/2015,7_to_12_month,341.0,282498.0,0.0,0.0,0.0,0.0,495.0,178800.0,0.0,0.0,0.0,0.0
616,Pakistan,Sep/2015,same_month,369.0,210314.0,107.0,107.0,73035.0,73035.0,586.0,95591.0,333.0,333.0,145990.0,145990.0
617,Pakistan,Sep/2015,1_month,369.0,210314.0,96.0,142.0,64088.0,137123.0,586.0,95591.0,153.0,374.0,71635.0,217625.0
618,Pakistan,Sep/2015,2_month,369.0,210314.0,54.0,146.0,34547.0,171670.0,586.0,95591.0,108.0,384.0,36609.0,254234.0
619,Pakistan,Sep/2015,3_month,369.0,210314.0,53.0,151.0,38502.0,210172.0,586.0,95591.0,86.0,390.0,40221.0,294455.0
620,Pakistan,Sep/2015,4_month,369.0,210314.0,0.0,0.0,0.0,0.0,586.0,95591.0,0.0,0.0,0.0,0.0
621,Pakistan,Sep/2015,5_month,369.0,210314.0,0.0,0.0,0.0,0.0,586.0,95591.0,0.0,0.0,0.0,0.0
622,Pakistan,Sep/2015,6_month,369.0,210314.0,0.0,0.0,0.0,0.0,586.0,95591.0,0.0,0.0,0.0,0.0
623,Pakistan,Sep/2015,7_to_12_month,369.0,210314.0,0.0,0.0,0.0,0.0,586.0,95591.0,0.0,0.0,0.0,0.0
624,Pakistan,Oct/2015,same_month,703.0,307146.0,190.0,190.0,182184.0,182184.0,853.0,115134.0,549.0,549.0,301657.0,301657.0
625,Pakistan,Oct/2015,1_month,703.0,307146.0,118.0,227.0,50461.0,232645.0,853.0,115134.0,180.0,576.0,65317.0,366974.0
626,Pakistan,Oct/2015,2_month,703.0,307146.0,52.0,238.0,51698.0,284343.0,853.0,115134.0,124.0,591.0,61572.0,428546.0
627,Pakistan,Oct/2015,3_month,703.0,307146.0,0.0,0.0,0.0,0.0,853.0,115134.0,0.0,0.0,0.0,0.0
628,Pakistan,Oct/2015,4_month,703.0,307146.0,0.0,0.0,0.0,0.0,853.0,115134.0,0.0,0.0,0.0,0.0
629,Pakistan,Oct/2015,5_month,703.0,307146.0,0.0,0.0,0.0,0.0,853.0,115134.0,0.0,0.0,0.0,0.0
630,Pakistan,Oct/2015,6_month,703.0,307146.0,0.0,0.0,0.0,0.0,853.0,115134.0,0.0,0.0,0.0,0.0
631,Pakistan,Oct/2015,7_to_12_month,703.0,307146.0,0.0,0.0,0.0,0.0,853.0,115134.0,0.0,0.0,0.0,0.0
632,Pakistan,Nov/2015,same_month,596.0,162605.0,241.0,241.0,99091.0,99091.0,971.0,104538.0,693.0,693.0,164463.0,164463.0
633,Pakistan,Nov/2015,1_month,596.0,162605.0,120.0,284.0,68514.0,167605.0,971.0,104538.0,244.0,739.0,94678.0,259141.0
634,Pakistan,Nov/2015,2_month,596.0,162605.0,0.0,0.0,0.0,0.0,971.0,104538.0,0.0,0.0,0.0,0.0
635,Pakistan,Nov/2015,3_month,596.0,162605.0,0.0,0.0,0.0,0.0,971.0,104538.0,0.0,0.0,0.0,0.0
636,Pakistan,Nov/2015,4_month,596.0,162605.0,0.0,0.0,0.0,0.0,971.0,104538.0,0.0,0.0,0.0,0.0
637,Pakistan,Nov/2015,5_month,596.0,162605.0,0.0,0.0,0.0,0.0,971.0,104538.0,0.0,0.0,0.0,0.0
638,Pakistan,Nov/2015,6_month,596.0,162605.0,0.0,0.0,0.0,0.0,971.0,104538.0,0.0,0.0,0.0,0.0
639,Pakistan,Nov/2015,7_to_12_month,596.0,162605.0,0.0,0.0,0.0,0.0,971.0,104538.0,0.0,0.0,0.0,0.0
640,Pakistan,Dec/2015,same_month,611.0,213953.0,169.0,169.0,135784.0,135784.0,709.0,147459.0,432.0,432.0,199125.0,199125.0
641,Pakistan,Dec/2015,1_month,611.0,213953.0,0.0,0.0,0.0,0.0,709.0,147459.0,0.0,0.0,0.0,0.0
642,Pakistan,Dec/2015,2_month,611.0,213953.0,0.0,0.0,0.0,0.0,709.0,147459.0,0.0,0.0,0.0,0.0
643,Pakistan,Dec/2015,3_month,611.0,213953.0,0.0,0.0,0.0,0.0,709.0,147459.0,0.0,0.0,0.0,0.0
644,Pakistan,Dec/2015,4_month,611.0,213953.0,0.0,0.0,0.0,0.0,709.0,147459.0,0.0,0.0,0.0,0.0
645,Pakistan,Dec/2015,5_month,611.0,213953.0,0.0,0.0,0.0,0.0,709.0,147459.0,0.0,0.0,0.0,0.0
646,Pakistan,Dec/2015,6_month,611.0,213953.0,0.0,0.0,0.0,0.0,709.0,147459.0,0.0,0.0,0.0,0.0
647,Pakistan,Dec/2015,7_to_12_month,611.0,213953.0,0.0,0.0,0.0,0.0,709.0,147459.0,0.0,0.0,0.0,0.0
